8796126150798;8796131197070;8796510782059;categories;;false
8796126183566;8796131229838;8796510814827;categories;;false
8796126216334;8796131262606;8796510847595;categories;;false
8796126249102;8796131295374;8796510913131;products;;false
8796126281870;8796131328142;8796510945899;categories;;false
8796126314638;8796131360910;8796511011435;products;;false
8796126347406;8796131393678;8796511076971;products;;false
8796126380174;8796131426446;8796511142507;products;;false
8796126412942;8796131459214;8796511208043;products;;false
8796126445710;8796131491982;8796511273579;products;;false
8796126478478;8796131524750;8796511339115;products;;false
8796126511246;8796131557518;8796511404651;products;;false
8796126544014;8796131590286;8796511437419;products;;false
8796126576782;8796131623054;8796511502955;products;;false
8796126609550;8796131655822;8796511568491;products;;false
8796126642318;8796131688590;8796511601259;products;;false
8796126675086;8796131721358;8796511634027;products;;false
8796126707854;8796131754126;8796511699563;products;;false
8796126740622;8796131786894;8796511732331;products;;false
8796126773390;8796131819662;8796511765099;products;;false
8796126806158;8796131852430;8796511797867;products;;false
8796126838926;8796131885198;8796511830635;products;;false
8796128346254;8796131917966;8796511863403;categories;;false
8796128379022;8796131950734;8796511928939;products;;false
8796128411790;8796131983502;8796511994475;products;;false
8796128444558;8796132016270;8796512060011;products;;false
8796128477326;8796132049038;8796512125547;products;;false
8796128510094;8796132081806;8796512158315;products;;false
8796128542862;8796132114574;8796512191083;products;;false
8796128575630;8796132147342;8796512256619;products;;false
8796128608398;8796132180110;8796512322155;products;;false
8796128641166;8796132212878;8796512387691;products;;false
8796128673934;8796132245646;8796512453227;products;;false
8796128706702;8796132278414;8796512485995;products;;false
8796128739470;8796132311182;8796512551531;products;;false
8796128772238;8796132343950;8796512584299;products;;false
8796128805006;8796132376718;8796512617067;products;;false
8796128837774;8796132409486;8796512649835;products;;false
8796128870542;8796132442254;8796512682603;products;;false
8796128903310;8796132475022;8796512715371;products;;false
8796128936078;8796132507790;8796512748139;products;;false
8796128968846;8796132540558;8796512780907;products;;false
8796129001614;8796132573326;8796512813675;products;;false
8796129034382;8796132606094;8796512846443;products;;false
8796129067150;8796132638862;8796512911979;products;;false
8796129099918;8796132671630;8796512944747;products;;false
8796129132686;8796132704398;8796513010283;products;;false
8796129165454;8796132737166;8796513043051;products;;false
8796129198222;8796132769934;8796513075819;products;;false
8796129230990;8796132802702;8796513108587;categories;;false
8796129263758;8796132835470;8796513141355;categories;;false
8796129296526;8796132868238;8796513174123;categories;;false
8796129394830;8796132966542;8796513272427;products;;false
8796129427598;8796132999310;8796513305195;products;;false
8796129460366;8796133032078;8796513337963;categories,products;;false
8796129493134;8796133064846;8796513370731;categories,products;;false
8796129525902;8796133097614;8796513403499;categories,products;;false
8796129558670;8796133130382;8796513436267;categories,products;;false
8796129591438;8796133163150;8796513469035;categories,products;;false
8796129624206;8796133195918;8796513501803;categories,products;;false
8796129656974;8796133228686;8796513534571;products;;false
8796129689742;8796133261454;8796513567339;products;;false
8796129722510;8796133294222;8796513600107;products;;false
8796129755278;8796133326990;8796513632875;products;;false
8796129788046;8796133359758;8796513665643;products;;false
8796129820814;8796133392526;8796513698411;products;;false
8796129853582;8796133425294;8796513731179;products;;false
8796129886350;8796133458062;8796513763947;products;;false
8796129919118;8796133490830;8796513796715;products;;false
8796129951886;8796133523598;8796513829483;products;;false
8796129984654;8796133556366;8796513862251;products;;false
8796130017422;8796133589134;8796513895019;products;;false
8796130050190;8796133621902;8796513927787;products;;false
8796130082958;8796133654670;8796513960555;products;;false
8796130115726;8796133687438;8796513993323;products;;false
8796130148494;8796133720206;8796514026091;products;;false
8796130181262;8796133752974;8796514058859;products;;false
8796130214030;8796133785742;8796514091627;products;;false
8796130246798;8796133818510;8796514124395;products;;false
8796130279566;8796133851278;8796514157163;products;;false
8796130377870;8796133949582;8796514255467;products;;false
8796130443406;8796134015118;8796514321003;products;;false
8796130476174;8796134047886;8796514353771;products;;false
8796130508942;8796134080654;8796514386539;products;;false
8796130541710;8796134113422;8796514419307;products;;false
8796130574478;8796134146190;8796514452075;products;;false
8796130640014;8796134211726;8796514517611;products;;false
8796130672782;8796134244494;8796514550379;products;;false
8796130705550;8796134277262;8796514583147;products;;false
8796130738318;8796134310030;8796514615915;products;;false
8796130771086;8796134342798;8796514648683;products;;false
8796130803854;8796134375566;8796514681451;products;;false
8796130836622;8796134408334;8796514714219;products;;false
8796130869390;8796134441102;8796514746987;products;;false
8796130902158;8796134473870;8796514779755;products;;false
8796130934926;8796134506638;8796514812523;products;;false
8796130967694;8796134539406;8796514845291;products;;false
8796131000462;8796134572174;8796514878059;products;;false
8796131033230;8796134604942;8796514910827;products;;false
8796131065998;8796134637710;8796514943595;products;;false
8796131098766;8796134670478;8796514976363;products;;false
8796131131534;8796134703246;8796515009131;products;;false
8796131164302;8796134736014;8796515041899;products;;false
8796115599966;;;;8796220456961->8796264988673;false
8796115632734;;;;8796220456961->8796264988673;false
8796220456961;8796264988673;8796520252011;productReferences;;false
8796115698270;;;;8796223275009->8796267806721;false
8796115731038;;;;8796223275009->8796267806721;false
8796223275009;8796267806721;8796542993003;productReferences;;false
8796115829342;;;;8796228059137->8796272590849;false
8796115862110;;;;8796228059137->8796272590849;false
8796115894878;;;;8796228059137->8796272590849;false
8796228059137;8796272590849;8796580971115;productReferences;;false
8796853141534;8797137272862;8796701655659;mediaContainer;;false
8796853207070;8797137305630;8796701688427;mediaContainer;;false
8796855894046;8797137338398;8796701721195;mediaContainer;;false
8796857008158;8797137371166;8796701753963;mediaContainer;;false
8796872933406;8797137403934;8796701786731;mediaContainer;;false
8796875816990;8797137436702;8796701819499;mediaContainer;;false
8796880404510;8797137469470;8796701852267;mediaContainer;;false
8796880470046;8797137502238;8796701885035;mediaContainer;;false
8796883157022;8797137535006;8796701917803;mediaContainer;;false
8796884271134;8797137567774;8796701950571;mediaContainer;;false
8796900196382;8797137600542;8796701983339;mediaContainer;;false
8796903079966;8797137633310;8796702016107;mediaContainer;;false
8796907667486;8797137666078;8796702048875;mediaContainer;;false
8796907733022;8797137698846;8796702081643;mediaContainer;;false
8796910419998;8797137731614;8796702114411;mediaContainer;;false
8796911534110;8797137764382;8796702147179;mediaContainer;;false
8796927459358;8797137797150;8796702179947;mediaContainer;;false
8796930342942;8797137829918;8796702212715;mediaContainer;;false
8796934930462;8797137862686;8796702245483;mediaContainer;;false
8796934995998;8797137895454;8796702278251;mediaContainer;;false
8796937682974;8797137928222;8796702311019;mediaContainer;;false
8796938797086;8797137960990;8796702343787;mediaContainer;;false
8796954722334;8797137993758;8796702376555;mediaContainer;;false
8796957605918;8797138026526;8796702409323;mediaContainer;;false
8796962193438;8797138059294;8796702442091;mediaContainer;;false
8796962258974;8797138092062;8796702474859;mediaContainer;;false
8796964945950;8797138124830;8796702507627;mediaContainer;;false
8796966060062;8797138157598;8796702540395;mediaContainer;;false
8796981985310;8797138190366;8796702573163;mediaContainer;;false
8796984868894;8797138223134;8796702605931;mediaContainer;;false
8796989456414;8797138255902;8796702638699;mediaContainer;;false
8796989521950;8797138288670;8796702671467;mediaContainer;;false
8796992208926;8797138321438;8796702704235;mediaContainer;;false
8796993323038;8797138354206;8796702737003;mediaContainer;;false
8797009248286;8797138386974;8796702769771;mediaContainer;;false
8797012131870;8797138419742;8796702802539;mediaContainer;;false
