8796559638558;8796750282782;8796391768683;mediaContainer;;false
8796559704094;8796750315550;8796391801451;mediaContainer;;false
8796559769630;8796750348318;8796391834219;mediaContainer;;false
8796559835166;8796750381086;8796391866987;mediaContainer;;false
8796559900702;8796750413854;8796391899755;mediaContainer;;false
8796559966238;8796750446622;8796391932523;mediaContainer;;false
8796560031774;8796750479390;8796391965291;mediaContainer;;false
8796560097310;8796750512158;8796391998059;mediaContainer;;false
8796560162846;8796750544926;8796392030827;mediaContainer;;false
8796560228382;8796750577694;8796392063595;mediaContainer;;false
8796560293918;8796750610462;8796392096363;mediaContainer;;false
8796560359454;8796750643230;8796392129131;mediaContainer;;false
8796560424990;8796750675998;8796392161899;mediaContainer;;false
8796560490526;8796750708766;8796392194667;mediaContainer;;false
8796560556062;8796750741534;8796392227435;mediaContainer;;false
8796560621598;8796750774302;8796392260203;mediaContainer;;false
8796560687134;8796750807070;8796392292971;mediaContainer;;false
8796560752670;8796750839838;8796392325739;mediaContainer;;false
8796560818206;8796750872606;8796392358507;mediaContainer;;false
8796560883742;8796750905374;8796392391275;mediaContainer;;false
8796560949278;8796750938142;8796392424043;mediaContainer;;false
8796561014814;8796750970910;8796392456811;mediaContainer;;false
8796561080350;8796751003678;8796392489579;mediaContainer;;false
8796561145886;8796751036446;8796392522347;mediaContainer;;false
8796561211422;8796751069214;8796392555115;mediaContainer;;false
8796561276958;8796751101982;8796392587883;mediaContainer;;false
8796561342494;8796751134750;8796392620651;mediaContainer;;false
8796561408030;8796751167518;8796392653419;mediaContainer;;false
8796561473566;8796751200286;8796392686187;mediaContainer;;false
8796561539102;8796751233054;8796392718955;mediaContainer;;false
8796561604638;8796751265822;8796392751723;mediaContainer;;false
8796561670174;8796751298590;8796392784491;mediaContainer;;false
8796561735710;8796751331358;8796392817259;mediaContainer;;false
8796561801246;8796751364126;8796392850027;mediaContainer;;false
8796561866782;8796751396894;8796392882795;mediaContainer;;false
8796561932318;8796751429662;8796392915563;mediaContainer;;false
8796561997854;8796751462430;8796392948331;mediaContainer;;false
8796562063390;8796751495198;8796392981099;mediaContainer;;false
8796562128926;8796751527966;8796393013867;mediaContainer;;false
8796562194462;8796751560734;8796393046635;mediaContainer;;false
8796562259998;8796751593502;8796393079403;mediaContainer;;false
8796562325534;8796751626270;8796393112171;mediaContainer;;false
8796562391070;8796751659038;8796393144939;mediaContainer;;false
8796562456606;8796751691806;8796393177707;mediaContainer;;false
8796562522142;8796751724574;8796393210475;mediaContainer;;false
8796562587678;8796751757342;8796393243243;mediaContainer;;false
8796562653214;8796751790110;8796393276011;mediaContainer;;false
8796562718750;8796751822878;8796393308779;mediaContainer;;false
8796562784286;8796751855646;8796393341547;mediaContainer;;false
8796562849822;8796751888414;8796393374315;mediaContainer;;false
8796562915358;8796751921182;8796393407083;mediaContainer;;false
8796562980894;8796751953950;8796393439851;mediaContainer;;false
8796563046430;8796751986718;8796393472619;mediaContainer;;false
8796563111966;8796752019486;8796393505387;mediaContainer;;false
8796563177502;8796752052254;8796393538155;mediaContainer;;false
8796563243038;8796752085022;8796393570923;mediaContainer;;false
8796563308574;8796752117790;8796393603691;mediaContainer;;false
8796563374110;8796752150558;8796393636459;mediaContainer;;false
8796093285426;;;;8796093088828->8796109112380,8796093088810->8796100690986;false
8796093088828;8796109112380;8796394488427;restrictions,navigationNode;8796093088810->8796100690986;false
8796093154364;8796109243452;8796394750571;navigationNode;8796093219882->8796100822058;false
8796093219900;8796109308988;8796394848875;navigationNode;8796093252650->8796100854826;false
8796093285436;8796109374524;8796394947179;navigationNode;8796093285418->8796100887594;false
8796093056072;;;;8796093285440->8796102362176,8796093154368->8796102329408,8796093121600->8796102296640,8796093088832->8796102263872,8796093056064->8796102231104;false
8796093285440;8796102362176;8796414476907;entries;8796093154368->8796102329408,8796093121600->8796102296640,8796093088832->8796102263872,8796093056064->8796102231104;false
8796093088840;;;;8796093318208->8796102394944,8796093154368->8796102329408,8796093121600->8796102296640,8796093088832->8796102263872,8796093056064->8796102231104;false
8796093318208;8796102394944;8796414509675;entries;8796093154368->8796102329408,8796093121600->8796102296640,8796093088832->8796102263872,8796093056064->8796102231104;false
8796093187144;;;;8796093350976->8796102427712,8796093154368->8796102329408,8796093121600->8796102296640,8796093088832->8796102263872,8796093056064->8796102231104;false
8796093350976;8796102427712;8796414542443;entries;8796093154368->8796102329408,8796093121600->8796102296640,8796093088832->8796102263872,8796093056064->8796102231104;false
8796093121608;;;;8796093383744->8796102460480,8796093154368->8796102329408,8796093121600->8796102296640,8796093088832->8796102263872,8796093056064->8796102231104;false
8796093383744;8796102460480;8796414575211;entries;8796093154368->8796102329408,8796093121600->8796102296640,8796093088832->8796102263872,8796093056064->8796102231104;false
8796093219912;;;;8796093416512->8796102493248,8796093154368->8796102329408,8796093121600->8796102296640,8796093088832->8796102263872,8796093056064->8796102231104;false
8796093416512;8796102493248;8796414607979;entries;8796093154368->8796102329408,8796093121600->8796102296640,8796093088832->8796102263872,8796093056064->8796102231104;false
8796093154376;;;;8796093449280->8796102526016,8796093154368->8796102329408,8796093121600->8796102296640,8796093088832->8796102263872,8796093056064->8796102231104;false
8796093449280;8796102526016;8796414640747;entries;8796093154368->8796102329408,8796093121600->8796102296640,8796093088832->8796102263872,8796093056064->8796102231104;false
8796093252680;;;;8796093482048->8796102558784,8796093154368->8796102329408,8796093121600->8796102296640,8796093088832->8796102263872,8796093056064->8796102231104;false
8796093482048;8796102558784;8796414673515;entries;8796093154368->8796102329408,8796093121600->8796102296640,8796093088832->8796102263872,8796093056064->8796102231104;false
8796093285448;;;;8796093514816->8796102591552,8796093154368->8796102329408,8796093121600->8796102296640,8796093088832->8796102263872,8796093056064->8796102231104;false
8796093514816;8796102591552;8796414706283;entries;8796093154368->8796102329408,8796093121600->8796102296640,8796093088832->8796102263872,8796093056064->8796102231104;false
8796093318216;;;;8796093547584->8796102624320,8796093154368->8796102329408,8796093121600->8796102296640,8796093088832->8796102263872,8796093056064->8796102231104;false
8796093547584;8796102624320;8796414739051;entries;8796093154368->8796102329408,8796093121600->8796102296640,8796093088832->8796102263872,8796093056064->8796102231104;false
8796093350984;;;;8796093580352->8796102689856,8796093187136->8796102657088,8796093121600->8796102296640,8796093088832->8796102263872,8796093056064->8796102231104;false
8796093580352;8796102689856;8796414804587;entries;8796093187136->8796102657088,8796093121600->8796102296640,8796093088832->8796102263872,8796093056064->8796102231104;false
8796093383752;;;;8796093613120->8796102722624,8796093187136->8796102657088,8796093121600->8796102296640,8796093088832->8796102263872,8796093056064->8796102231104;false
8796093613120;8796102722624;8796414837355;entries;8796093187136->8796102657088,8796093121600->8796102296640,8796093088832->8796102263872,8796093056064->8796102231104;false
8796093580360;;;;8796094202944->8796102853696,8796093809728->8796102820928,8796093645888->8796102788160,8796093219904->8796102755392,8796093121600->8796102296640,8796093088832->8796102263872,8796093056064->8796102231104;false
8796094202944;8796102853696;8796414902891;entries;8796093809728->8796102820928,8796093645888->8796102788160,8796093219904->8796102755392,8796093121600->8796102296640,8796093088832->8796102263872,8796093056064->8796102231104;false
8796093613128;;;;8796094235712->8796102886464,8796093809728->8796102820928,8796093645888->8796102788160,8796093219904->8796102755392,8796093121600->8796102296640,8796093088832->8796102263872,8796093056064->8796102231104;false
8796094235712;8796102886464;8796414935659;entries;8796093809728->8796102820928,8796093645888->8796102788160,8796093219904->8796102755392,8796093121600->8796102296640,8796093088832->8796102263872,8796093056064->8796102231104;false
8796093645896;;;;8796094268480->8796102919232,8796093809728->8796102820928,8796093645888->8796102788160,8796093219904->8796102755392,8796093121600->8796102296640,8796093088832->8796102263872,8796093056064->8796102231104;false
8796094268480;8796102919232;8796414968427;entries;8796093809728->8796102820928,8796093645888->8796102788160,8796093219904->8796102755392,8796093121600->8796102296640,8796093088832->8796102263872,8796093056064->8796102231104;false
8796093678664;;;;8796094301248->8796102952000,8796093809728->8796102820928,8796093645888->8796102788160,8796093219904->8796102755392,8796093121600->8796102296640,8796093088832->8796102263872,8796093056064->8796102231104;false
8796094301248;8796102952000;8796415001195;entries;8796093809728->8796102820928,8796093645888->8796102788160,8796093219904->8796102755392,8796093121600->8796102296640,8796093088832->8796102263872,8796093056064->8796102231104;false
8796093711432;;;;8796094334016->8796102984768,8796093809728->8796102820928,8796093645888->8796102788160,8796093219904->8796102755392,8796093121600->8796102296640,8796093088832->8796102263872,8796093056064->8796102231104;false
8796094334016;8796102984768;8796415033963;entries;8796093809728->8796102820928,8796093645888->8796102788160,8796093219904->8796102755392,8796093121600->8796102296640,8796093088832->8796102263872,8796093056064->8796102231104;false
8796093744200;;;;8796094366784->8796103017536,8796093809728->8796102820928,8796093645888->8796102788160,8796093219904->8796102755392,8796093121600->8796102296640,8796093088832->8796102263872,8796093056064->8796102231104;false
8796094366784;8796103017536;8796415066731;entries;8796093809728->8796102820928,8796093645888->8796102788160,8796093219904->8796102755392,8796093121600->8796102296640,8796093088832->8796102263872,8796093056064->8796102231104;false
8796093776968;;;;8796094399552->8796103050304,8796093809728->8796102820928,8796093645888->8796102788160,8796093219904->8796102755392,8796093121600->8796102296640,8796093088832->8796102263872,8796093056064->8796102231104;false
8796094399552;8796103050304;8796415099499;entries;8796093809728->8796102820928,8796093645888->8796102788160,8796093219904->8796102755392,8796093121600->8796102296640,8796093088832->8796102263872,8796093056064->8796102231104;false
8796093809736;;;;8796094432320->8796103083072,8796093809728->8796102820928,8796093645888->8796102788160,8796093219904->8796102755392,8796093121600->8796102296640,8796093088832->8796102263872,8796093056064->8796102231104;false
8796094432320;8796103083072;8796415132267;entries;8796093809728->8796102820928,8796093645888->8796102788160,8796093219904->8796102755392,8796093121600->8796102296640,8796093088832->8796102263872,8796093056064->8796102231104;false
8796093842504;;;;8796094465088->8796103115840,8796093809728->8796102820928,8796093645888->8796102788160,8796093219904->8796102755392,8796093121600->8796102296640,8796093088832->8796102263872,8796093056064->8796102231104;false
8796094465088;8796103115840;8796415165035;entries;8796093809728->8796102820928,8796093645888->8796102788160,8796093219904->8796102755392,8796093121600->8796102296640,8796093088832->8796102263872,8796093056064->8796102231104;false
8796093875272;;;;8796094497856->8796103148608,8796093809728->8796102820928,8796093645888->8796102788160,8796093219904->8796102755392,8796093121600->8796102296640,8796093088832->8796102263872,8796093056064->8796102231104;false
8796094497856;8796103148608;8796415197803;entries;8796093809728->8796102820928,8796093645888->8796102788160,8796093219904->8796102755392,8796093121600->8796102296640,8796093088832->8796102263872,8796093056064->8796102231104;false
8796093908040;;;;8796094530624->8796103181376,8796093809728->8796102820928,8796093645888->8796102788160,8796093219904->8796102755392,8796093121600->8796102296640,8796093088832->8796102263872,8796093056064->8796102231104;false
8796094530624;8796103181376;8796415230571;entries;8796093809728->8796102820928,8796093645888->8796102788160,8796093219904->8796102755392,8796093121600->8796102296640,8796093088832->8796102263872,8796093056064->8796102231104;false
8796093940808;;;;8796094563392->8796103214144,8796093809728->8796102820928,8796093645888->8796102788160,8796093219904->8796102755392,8796093121600->8796102296640,8796093088832->8796102263872,8796093056064->8796102231104;false
8796094563392;8796103214144;8796415263339;entries;8796093809728->8796102820928,8796093645888->8796102788160,8796093219904->8796102755392,8796093121600->8796102296640,8796093088832->8796102263872,8796093056064->8796102231104;false
8796093973576;;;;8796094596160->8796103246912,8796093809728->8796102820928,8796093645888->8796102788160,8796093219904->8796102755392,8796093121600->8796102296640,8796093088832->8796102263872,8796093056064->8796102231104;false
8796094596160;8796103246912;8796415296107;entries;8796093809728->8796102820928,8796093645888->8796102788160,8796093219904->8796102755392,8796093121600->8796102296640,8796093088832->8796102263872,8796093056064->8796102231104;false
8796094006344;;;;8796094628928->8796103279680,8796093809728->8796102820928,8796093645888->8796102788160,8796093219904->8796102755392,8796093121600->8796102296640,8796093088832->8796102263872,8796093056064->8796102231104;false
8796094628928;8796103279680;8796415328875;entries;8796093809728->8796102820928,8796093645888->8796102788160,8796093219904->8796102755392,8796093121600->8796102296640,8796093088832->8796102263872,8796093056064->8796102231104;false
8796094039112;;;;8796094661696->8796103312448,8796093809728->8796102820928,8796093645888->8796102788160,8796093219904->8796102755392,8796093121600->8796102296640,8796093088832->8796102263872,8796093056064->8796102231104;false
8796094661696;8796103312448;8796415361643;entries;8796093809728->8796102820928,8796093645888->8796102788160,8796093219904->8796102755392,8796093121600->8796102296640,8796093088832->8796102263872,8796093056064->8796102231104;false
8796094071880;;;;8796094694464->8796103345216,8796093809728->8796102820928,8796093645888->8796102788160,8796093219904->8796102755392,8796093121600->8796102296640,8796093088832->8796102263872,8796093056064->8796102231104;false
8796094694464;8796103345216;8796415394411;entries;8796093809728->8796102820928,8796093645888->8796102788160,8796093219904->8796102755392,8796093121600->8796102296640,8796093088832->8796102263872,8796093056064->8796102231104;false
8796094104648;;;;8796094727232->8796103377984,8796093809728->8796102820928,8796093645888->8796102788160,8796093219904->8796102755392,8796093121600->8796102296640,8796093088832->8796102263872,8796093056064->8796102231104;false
8796094727232;8796103377984;8796415427179;entries;8796093809728->8796102820928,8796093645888->8796102788160,8796093219904->8796102755392,8796093121600->8796102296640,8796093088832->8796102263872,8796093056064->8796102231104;false
8796094137416;;;;8796094760000->8796103410752,8796093809728->8796102820928,8796093645888->8796102788160,8796093219904->8796102755392,8796093121600->8796102296640,8796093088832->8796102263872,8796093056064->8796102231104;false
8796094760000;8796103410752;8796415459947;entries;8796093809728->8796102820928,8796093645888->8796102788160,8796093219904->8796102755392,8796093121600->8796102296640,8796093088832->8796102263872,8796093056064->8796102231104;false
8796094170184;;;;8796094792768->8796103443520,8796093809728->8796102820928,8796093645888->8796102788160,8796093219904->8796102755392,8796093121600->8796102296640,8796093088832->8796102263872,8796093056064->8796102231104;false
8796094792768;8796103443520;8796415492715;entries;8796093809728->8796102820928,8796093645888->8796102788160,8796093219904->8796102755392,8796093121600->8796102296640,8796093088832->8796102263872,8796093056064->8796102231104;false
8796094202952;;;;8796094825536->8796103476288,8796093809728->8796102820928,8796093645888->8796102788160,8796093219904->8796102755392,8796093121600->8796102296640,8796093088832->8796102263872,8796093056064->8796102231104;false
8796094825536;8796103476288;8796415525483;entries;8796093809728->8796102820928,8796093645888->8796102788160,8796093219904->8796102755392,8796093121600->8796102296640,8796093088832->8796102263872,8796093056064->8796102231104;false
8796094235720;;;;8796094858304->8796103509056,8796093809728->8796102820928,8796093645888->8796102788160,8796093219904->8796102755392,8796093121600->8796102296640,8796093088832->8796102263872,8796093056064->8796102231104;false
8796094858304;8796103509056;8796415558251;entries;8796093809728->8796102820928,8796093645888->8796102788160,8796093219904->8796102755392,8796093121600->8796102296640,8796093088832->8796102263872,8796093056064->8796102231104;false
8796094268488;;;;8796094891072->8796103541824,8796093809728->8796102820928,8796093645888->8796102788160,8796093219904->8796102755392,8796093121600->8796102296640,8796093088832->8796102263872,8796093056064->8796102231104;false
8796094891072;8796103541824;8796415591019;entries;8796093809728->8796102820928,8796093645888->8796102788160,8796093219904->8796102755392,8796093121600->8796102296640,8796093088832->8796102263872,8796093056064->8796102231104;false
8796094301256;;;;8796094923840->8796103574592,8796093809728->8796102820928,8796093645888->8796102788160,8796093219904->8796102755392,8796093121600->8796102296640,8796093088832->8796102263872,8796093056064->8796102231104;false
8796094923840;8796103574592;8796415623787;entries;8796093809728->8796102820928,8796093645888->8796102788160,8796093219904->8796102755392,8796093121600->8796102296640,8796093088832->8796102263872,8796093056064->8796102231104;false
8796094334024;;;;8796094956608->8796103607360,8796093809728->8796102820928,8796093645888->8796102788160,8796093219904->8796102755392,8796093121600->8796102296640,8796093088832->8796102263872,8796093056064->8796102231104;false
8796094956608;8796103607360;8796415656555;entries;8796093809728->8796102820928,8796093645888->8796102788160,8796093219904->8796102755392,8796093121600->8796102296640,8796093088832->8796102263872,8796093056064->8796102231104;false
8796094366792;;;;8796094989376->8796103640128,8796093809728->8796102820928,8796093645888->8796102788160,8796093219904->8796102755392,8796093121600->8796102296640,8796093088832->8796102263872,8796093056064->8796102231104;false
8796094989376;8796103640128;8796415689323;entries;8796093809728->8796102820928,8796093645888->8796102788160,8796093219904->8796102755392,8796093121600->8796102296640,8796093088832->8796102263872,8796093056064->8796102231104;false
8796094399560;;;;8796095022144->8796103672896,8796093809728->8796102820928,8796093645888->8796102788160,8796093219904->8796102755392,8796093121600->8796102296640,8796093088832->8796102263872,8796093056064->8796102231104;false
8796095022144;8796103672896;8796415722091;entries;8796093809728->8796102820928,8796093645888->8796102788160,8796093219904->8796102755392,8796093121600->8796102296640,8796093088832->8796102263872,8796093056064->8796102231104;false
8796094432328;;;;8796095054912->8796103705664,8796093809728->8796102820928,8796093645888->8796102788160,8796093219904->8796102755392,8796093121600->8796102296640,8796093088832->8796102263872,8796093056064->8796102231104;false
8796095054912;8796103705664;8796415754859;entries;8796093809728->8796102820928,8796093645888->8796102788160,8796093219904->8796102755392,8796093121600->8796102296640,8796093088832->8796102263872,8796093056064->8796102231104;false
8796094465096;;;;8796095087680->8796103738432,8796093809728->8796102820928,8796093645888->8796102788160,8796093219904->8796102755392,8796093121600->8796102296640,8796093088832->8796102263872,8796093056064->8796102231104;false
8796095087680;8796103738432;8796415787627;entries;8796093809728->8796102820928,8796093645888->8796102788160,8796093219904->8796102755392,8796093121600->8796102296640,8796093088832->8796102263872,8796093056064->8796102231104;false
8796094497864;;;;8796095120448->8796103771200,8796093809728->8796102820928,8796093645888->8796102788160,8796093219904->8796102755392,8796093121600->8796102296640,8796093088832->8796102263872,8796093056064->8796102231104;false
8796095120448;8796103771200;8796415820395;entries;8796093809728->8796102820928,8796093645888->8796102788160,8796093219904->8796102755392,8796093121600->8796102296640,8796093088832->8796102263872,8796093056064->8796102231104;false
8796094530632;;;;8796095153216->8796103803968,8796093809728->8796102820928,8796093645888->8796102788160,8796093219904->8796102755392,8796093121600->8796102296640,8796093088832->8796102263872,8796093056064->8796102231104;false
8796095153216;8796103803968;8796415853163;entries;8796093809728->8796102820928,8796093645888->8796102788160,8796093219904->8796102755392,8796093121600->8796102296640,8796093088832->8796102263872,8796093056064->8796102231104;false
8796094563400;;;;8796095185984->8796103836736,8796093809728->8796102820928,8796093645888->8796102788160,8796093219904->8796102755392,8796093121600->8796102296640,8796093088832->8796102263872,8796093056064->8796102231104;false
8796095185984;8796103836736;8796415885931;entries;8796093809728->8796102820928,8796093645888->8796102788160,8796093219904->8796102755392,8796093121600->8796102296640,8796093088832->8796102263872,8796093056064->8796102231104;false
8796094596168;;;;8796095218752->8796103869504,8796093809728->8796102820928,8796093645888->8796102788160,8796093219904->8796102755392,8796093121600->8796102296640,8796093088832->8796102263872,8796093056064->8796102231104;false
8796095218752;8796103869504;8796415918699;entries;8796093809728->8796102820928,8796093645888->8796102788160,8796093219904->8796102755392,8796093121600->8796102296640,8796093088832->8796102263872,8796093056064->8796102231104;false
8796094628936;;;;8796095251520->8796103902272,8796093809728->8796102820928,8796093645888->8796102788160,8796093219904->8796102755392,8796093121600->8796102296640,8796093088832->8796102263872,8796093056064->8796102231104;false
8796095251520;8796103902272;8796415951467;entries;8796093809728->8796102820928,8796093645888->8796102788160,8796093219904->8796102755392,8796093121600->8796102296640,8796093088832->8796102263872,8796093056064->8796102231104;false
8796094661704;;;;8796095284288->8796103935040,8796093809728->8796102820928,8796093645888->8796102788160,8796093219904->8796102755392,8796093121600->8796102296640,8796093088832->8796102263872,8796093056064->8796102231104;false
8796095284288;8796103935040;8796415984235;entries;8796093809728->8796102820928,8796093645888->8796102788160,8796093219904->8796102755392,8796093121600->8796102296640,8796093088832->8796102263872,8796093056064->8796102231104;false
8796094694472;;;;8796095317056->8796103967808,8796093809728->8796102820928,8796093645888->8796102788160,8796093219904->8796102755392,8796093121600->8796102296640,8796093088832->8796102263872,8796093056064->8796102231104;false
8796095317056;8796103967808;8796416017003;entries;8796093809728->8796102820928,8796093645888->8796102788160,8796093219904->8796102755392,8796093121600->8796102296640,8796093088832->8796102263872,8796093056064->8796102231104;false
8796094727240;;;;8796095349824->8796104000576,8796093809728->8796102820928,8796093645888->8796102788160,8796093219904->8796102755392,8796093121600->8796102296640,8796093088832->8796102263872,8796093056064->8796102231104;false
8796095349824;8796104000576;8796416049771;entries;8796093809728->8796102820928,8796093645888->8796102788160,8796093219904->8796102755392,8796093121600->8796102296640,8796093088832->8796102263872,8796093056064->8796102231104;false
8796094760008;;;;8796095382592->8796104033344,8796093809728->8796102820928,8796093645888->8796102788160,8796093219904->8796102755392,8796093121600->8796102296640,8796093088832->8796102263872,8796093056064->8796102231104;false
8796095382592;8796104033344;8796416082539;entries;8796093809728->8796102820928,8796093645888->8796102788160,8796093219904->8796102755392,8796093121600->8796102296640,8796093088832->8796102263872,8796093056064->8796102231104;false
8796094792776;;;;8796095415360->8796104066112,8796093809728->8796102820928,8796093645888->8796102788160,8796093219904->8796102755392,8796093121600->8796102296640,8796093088832->8796102263872,8796093056064->8796102231104;false
8796095415360;8796104066112;8796416115307;entries;8796093809728->8796102820928,8796093645888->8796102788160,8796093219904->8796102755392,8796093121600->8796102296640,8796093088832->8796102263872,8796093056064->8796102231104;false
8796094825544;;;;8796095448128->8796104098880,8796093809728->8796102820928,8796093645888->8796102788160,8796093219904->8796102755392,8796093121600->8796102296640,8796093088832->8796102263872,8796093056064->8796102231104;false
8796095448128;8796104098880;8796416148075;entries;8796093809728->8796102820928,8796093645888->8796102788160,8796093219904->8796102755392,8796093121600->8796102296640,8796093088832->8796102263872,8796093056064->8796102231104;false
8796094858312;;;;8796095480896->8796104131648,8796093809728->8796102820928,8796093645888->8796102788160,8796093219904->8796102755392,8796093121600->8796102296640,8796093088832->8796102263872,8796093056064->8796102231104;false
8796095480896;8796104131648;8796416180843;entries;8796093809728->8796102820928,8796093645888->8796102788160,8796093219904->8796102755392,8796093121600->8796102296640,8796093088832->8796102263872,8796093056064->8796102231104;false
8796094891080;;;;8796095513664->8796104164416,8796093809728->8796102820928,8796093645888->8796102788160,8796093219904->8796102755392,8796093121600->8796102296640,8796093088832->8796102263872,8796093056064->8796102231104;false
8796095513664;8796104164416;8796416213611;entries;8796093809728->8796102820928,8796093645888->8796102788160,8796093219904->8796102755392,8796093121600->8796102296640,8796093088832->8796102263872,8796093056064->8796102231104;false
8796094923848;;;;8796095546432->8796104197184,8796093809728->8796102820928,8796093645888->8796102788160,8796093219904->8796102755392,8796093121600->8796102296640,8796093088832->8796102263872,8796093056064->8796102231104;false
8796095546432;8796104197184;8796416246379;entries;8796093809728->8796102820928,8796093645888->8796102788160,8796093219904->8796102755392,8796093121600->8796102296640,8796093088832->8796102263872,8796093056064->8796102231104;false
8796094956616;;;;8796095579200->8796104229952,8796093809728->8796102820928,8796093645888->8796102788160,8796093219904->8796102755392,8796093121600->8796102296640,8796093088832->8796102263872,8796093056064->8796102231104;false
8796095579200;8796104229952;8796416279147;entries;8796093809728->8796102820928,8796093645888->8796102788160,8796093219904->8796102755392,8796093121600->8796102296640,8796093088832->8796102263872,8796093056064->8796102231104;false
8796094989384;;;;8796095611968->8796104262720,8796093809728->8796102820928,8796093645888->8796102788160,8796093219904->8796102755392,8796093121600->8796102296640,8796093088832->8796102263872,8796093056064->8796102231104;false
8796095611968;8796104262720;8796416311915;entries;8796093809728->8796102820928,8796093645888->8796102788160,8796093219904->8796102755392,8796093121600->8796102296640,8796093088832->8796102263872,8796093056064->8796102231104;false
8796095022152;;;;8796095644736->8796104295488,8796093809728->8796102820928,8796093645888->8796102788160,8796093219904->8796102755392,8796093121600->8796102296640,8796093088832->8796102263872,8796093056064->8796102231104;false
8796095644736;8796104295488;8796416344683;entries;8796093809728->8796102820928,8796093645888->8796102788160,8796093219904->8796102755392,8796093121600->8796102296640,8796093088832->8796102263872,8796093056064->8796102231104;false
8796095054920;;;;8796095677504->8796104328256,8796093809728->8796102820928,8796093645888->8796102788160,8796093219904->8796102755392,8796093121600->8796102296640,8796093088832->8796102263872,8796093056064->8796102231104;false
8796095677504;8796104328256;8796416377451;entries;8796093809728->8796102820928,8796093645888->8796102788160,8796093219904->8796102755392,8796093121600->8796102296640,8796093088832->8796102263872,8796093056064->8796102231104;false
8796095087688;;;;8796095710272->8796104361024,8796093809728->8796102820928,8796093645888->8796102788160,8796093219904->8796102755392,8796093121600->8796102296640,8796093088832->8796102263872,8796093056064->8796102231104;false
8796095710272;8796104361024;8796416410219;entries;8796093809728->8796102820928,8796093645888->8796102788160,8796093219904->8796102755392,8796093121600->8796102296640,8796093088832->8796102263872,8796093056064->8796102231104;false
8796095120456;;;;8796095743040->8796104393792,8796093809728->8796102820928,8796093645888->8796102788160,8796093219904->8796102755392,8796093121600->8796102296640,8796093088832->8796102263872,8796093056064->8796102231104;false
8796095743040;8796104393792;8796416442987;entries;8796093809728->8796102820928,8796093645888->8796102788160,8796093219904->8796102755392,8796093121600->8796102296640,8796093088832->8796102263872,8796093056064->8796102231104;false
8796095153224;;;;8796095775808->8796104426560,8796093809728->8796102820928,8796093645888->8796102788160,8796093219904->8796102755392,8796093121600->8796102296640,8796093088832->8796102263872,8796093056064->8796102231104;false
8796095775808;8796104426560;8796416475755;entries;8796093809728->8796102820928,8796093645888->8796102788160,8796093219904->8796102755392,8796093121600->8796102296640,8796093088832->8796102263872,8796093056064->8796102231104;false
8796095185992;;;;8796095808576->8796104459328,8796093809728->8796102820928,8796093645888->8796102788160,8796093219904->8796102755392,8796093121600->8796102296640,8796093088832->8796102263872,8796093056064->8796102231104;false
8796095808576;8796104459328;8796416508523;entries;8796093809728->8796102820928,8796093645888->8796102788160,8796093219904->8796102755392,8796093121600->8796102296640,8796093088832->8796102263872,8796093056064->8796102231104;false
8796093416520;;;;8796093645888->8796102788160,8796093219904->8796102755392,8796093121600->8796102296640,8796093088832->8796102263872,8796093056064->8796102231104;false
8796093645888;8796102788160;8796416574059;entries;8796093219904->8796102755392,8796093121600->8796102296640,8796093088832->8796102263872,8796093056064->8796102231104;false
8796095218760;;;;8796095841344->8796104557632,8796093842496->8796104524864,8796093678656->8796104492096,8796093219904->8796102755392,8796093121600->8796102296640,8796093088832->8796102263872,8796093056064->8796102231104;false
8796095841344;8796104557632;8796416606827;entries;8796093842496->8796104524864,8796093678656->8796104492096,8796093219904->8796102755392,8796093121600->8796102296640,8796093088832->8796102263872,8796093056064->8796102231104;false
8796095251528;;;;8796095874112->8796104590400,8796093842496->8796104524864,8796093678656->8796104492096,8796093219904->8796102755392,8796093121600->8796102296640,8796093088832->8796102263872,8796093056064->8796102231104;false
8796095874112;8796104590400;8796416639595;entries;8796093842496->8796104524864,8796093678656->8796104492096,8796093219904->8796102755392,8796093121600->8796102296640,8796093088832->8796102263872,8796093056064->8796102231104;false
8796095284296;;;;8796095906880->8796104623168,8796093842496->8796104524864,8796093678656->8796104492096,8796093219904->8796102755392,8796093121600->8796102296640,8796093088832->8796102263872,8796093056064->8796102231104;false
8796095906880;8796104623168;8796416672363;entries;8796093842496->8796104524864,8796093678656->8796104492096,8796093219904->8796102755392,8796093121600->8796102296640,8796093088832->8796102263872,8796093056064->8796102231104;false
8796095317064;;;;8796095939648->8796104655936,8796093842496->8796104524864,8796093678656->8796104492096,8796093219904->8796102755392,8796093121600->8796102296640,8796093088832->8796102263872,8796093056064->8796102231104;false
8796095939648;8796104655936;8796416705131;entries;8796093842496->8796104524864,8796093678656->8796104492096,8796093219904->8796102755392,8796093121600->8796102296640,8796093088832->8796102263872,8796093056064->8796102231104;false
8796095349832;;;;8796095972416->8796104721472,8796093875264->8796104688704,8796093678656->8796104492096,8796093219904->8796102755392,8796093121600->8796102296640,8796093088832->8796102263872,8796093056064->8796102231104;false
8796095972416;8796104721472;8796416770667;entries;8796093875264->8796104688704,8796093678656->8796104492096,8796093219904->8796102755392,8796093121600->8796102296640,8796093088832->8796102263872,8796093056064->8796102231104;false
8796095382600;;;;8796096005184->8796104754240,8796093875264->8796104688704,8796093678656->8796104492096,8796093219904->8796102755392,8796093121600->8796102296640,8796093088832->8796102263872,8796093056064->8796102231104;false
8796096005184;8796104754240;8796416803435;entries;8796093875264->8796104688704,8796093678656->8796104492096,8796093219904->8796102755392,8796093121600->8796102296640,8796093088832->8796102263872,8796093056064->8796102231104;false
8796095415368;;;;8796096037952->8796104787008,8796093875264->8796104688704,8796093678656->8796104492096,8796093219904->8796102755392,8796093121600->8796102296640,8796093088832->8796102263872,8796093056064->8796102231104;false
8796096037952;8796104787008;8796416836203;entries;8796093875264->8796104688704,8796093678656->8796104492096,8796093219904->8796102755392,8796093121600->8796102296640,8796093088832->8796102263872,8796093056064->8796102231104;false
8796095448136;;;;8796096070720->8796104819776,8796093875264->8796104688704,8796093678656->8796104492096,8796093219904->8796102755392,8796093121600->8796102296640,8796093088832->8796102263872,8796093056064->8796102231104;false
8796096070720;8796104819776;8796416868971;entries;8796093875264->8796104688704,8796093678656->8796104492096,8796093219904->8796102755392,8796093121600->8796102296640,8796093088832->8796102263872,8796093056064->8796102231104;false
8796095480904;;;;8796096103488->8796104852544,8796093875264->8796104688704,8796093678656->8796104492096,8796093219904->8796102755392,8796093121600->8796102296640,8796093088832->8796102263872,8796093056064->8796102231104;false
8796096103488;8796104852544;8796416901739;entries;8796093875264->8796104688704,8796093678656->8796104492096,8796093219904->8796102755392,8796093121600->8796102296640,8796093088832->8796102263872,8796093056064->8796102231104;false
8796095513672;;;;8796096136256->8796104918080,8796093908032->8796104885312,8796093678656->8796104492096,8796093219904->8796102755392,8796093121600->8796102296640,8796093088832->8796102263872,8796093056064->8796102231104;false
8796096136256;8796104918080;8796416967275;entries;8796093908032->8796104885312,8796093678656->8796104492096,8796093219904->8796102755392,8796093121600->8796102296640,8796093088832->8796102263872,8796093056064->8796102231104;false
8796095546440;;;;8796096169024->8796104950848,8796093908032->8796104885312,8796093678656->8796104492096,8796093219904->8796102755392,8796093121600->8796102296640,8796093088832->8796102263872,8796093056064->8796102231104;false
8796096169024;8796104950848;8796417000043;entries;8796093908032->8796104885312,8796093678656->8796104492096,8796093219904->8796102755392,8796093121600->8796102296640,8796093088832->8796102263872,8796093056064->8796102231104;false
8796093449288;;;;8796093678656->8796104492096,8796093219904->8796102755392,8796093121600->8796102296640,8796093088832->8796102263872,8796093056064->8796102231104;false
8796093678656;8796104492096;8796417065579;entries;8796093219904->8796102755392,8796093121600->8796102296640,8796093088832->8796102263872,8796093056064->8796102231104;false
8796095579208;;;;8796096201792->8796105049152,8796093940800->8796105016384,8796093711424->8796104983616,8796093219904->8796102755392,8796093121600->8796102296640,8796093088832->8796102263872,8796093056064->8796102231104;false
8796096201792;8796105049152;8796417098347;entries;8796093940800->8796105016384,8796093711424->8796104983616,8796093219904->8796102755392,8796093121600->8796102296640,8796093088832->8796102263872,8796093056064->8796102231104;false
8796095611976;;;;8796096234560->8796105081920,8796093940800->8796105016384,8796093711424->8796104983616,8796093219904->8796102755392,8796093121600->8796102296640,8796093088832->8796102263872,8796093056064->8796102231104;false
8796096234560;8796105081920;8796417131115;entries;8796093940800->8796105016384,8796093711424->8796104983616,8796093219904->8796102755392,8796093121600->8796102296640,8796093088832->8796102263872,8796093056064->8796102231104;false
8796095644744;;;;8796096267328->8796105147456,8796093973568->8796105114688,8796093711424->8796104983616,8796093219904->8796102755392,8796093121600->8796102296640,8796093088832->8796102263872,8796093056064->8796102231104;false
8796096267328;8796105147456;8796417196651;entries;8796093973568->8796105114688,8796093711424->8796104983616,8796093219904->8796102755392,8796093121600->8796102296640,8796093088832->8796102263872,8796093056064->8796102231104;false
8796095677512;;;;8796096300096->8796105180224,8796093973568->8796105114688,8796093711424->8796104983616,8796093219904->8796102755392,8796093121600->8796102296640,8796093088832->8796102263872,8796093056064->8796102231104;false
8796096300096;8796105180224;8796417229419;entries;8796093973568->8796105114688,8796093711424->8796104983616,8796093219904->8796102755392,8796093121600->8796102296640,8796093088832->8796102263872,8796093056064->8796102231104;false
8796095710280;;;;8796096332864->8796105245760,8796094006336->8796105212992,8796093711424->8796104983616,8796093219904->8796102755392,8796093121600->8796102296640,8796093088832->8796102263872,8796093056064->8796102231104;false
8796096332864;8796105245760;8796417294955;entries;8796094006336->8796105212992,8796093711424->8796104983616,8796093219904->8796102755392,8796093121600->8796102296640,8796093088832->8796102263872,8796093056064->8796102231104;false
8796095743048;;;;8796096365632->8796105278528,8796094006336->8796105212992,8796093711424->8796104983616,8796093219904->8796102755392,8796093121600->8796102296640,8796093088832->8796102263872,8796093056064->8796102231104;false
8796096365632;8796105278528;8796417327723;entries;8796094006336->8796105212992,8796093711424->8796104983616,8796093219904->8796102755392,8796093121600->8796102296640,8796093088832->8796102263872,8796093056064->8796102231104;false
8796095775816;;;;8796096398400->8796105344064,8796094039104->8796105311296,8796093711424->8796104983616,8796093219904->8796102755392,8796093121600->8796102296640,8796093088832->8796102263872,8796093056064->8796102231104;false
8796096398400;8796105344064;8796417393259;entries;8796094039104->8796105311296,8796093711424->8796104983616,8796093219904->8796102755392,8796093121600->8796102296640,8796093088832->8796102263872,8796093056064->8796102231104;false
8796095808584;;;;8796096431168->8796105376832,8796094039104->8796105311296,8796093711424->8796104983616,8796093219904->8796102755392,8796093121600->8796102296640,8796093088832->8796102263872,8796093056064->8796102231104;false
8796096431168;8796105376832;8796417426027;entries;8796094039104->8796105311296,8796093711424->8796104983616,8796093219904->8796102755392,8796093121600->8796102296640,8796093088832->8796102263872,8796093056064->8796102231104;false
8796095841352;;;;8796096463936->8796105409600,8796094039104->8796105311296,8796093711424->8796104983616,8796093219904->8796102755392,8796093121600->8796102296640,8796093088832->8796102263872,8796093056064->8796102231104;false
8796096463936;8796105409600;8796417458795;entries;8796094039104->8796105311296,8796093711424->8796104983616,8796093219904->8796102755392,8796093121600->8796102296640,8796093088832->8796102263872,8796093056064->8796102231104;false
8796095874120;;;;8796096496704->8796105442368,8796094039104->8796105311296,8796093711424->8796104983616,8796093219904->8796102755392,8796093121600->8796102296640,8796093088832->8796102263872,8796093056064->8796102231104;false
8796096496704;8796105442368;8796417491563;entries;8796094039104->8796105311296,8796093711424->8796104983616,8796093219904->8796102755392,8796093121600->8796102296640,8796093088832->8796102263872,8796093056064->8796102231104;false
8796093482056;;;;8796093711424->8796104983616,8796093219904->8796102755392,8796093121600->8796102296640,8796093088832->8796102263872,8796093056064->8796102231104;false
8796093711424;8796104983616;8796417557099;entries;8796093219904->8796102755392,8796093121600->8796102296640,8796093088832->8796102263872,8796093056064->8796102231104;false
8796095906888;;;;8796096529472->8796105540672,8796094071872->8796105507904,8796093744192->8796105475136,8796093219904->8796102755392,8796093121600->8796102296640,8796093088832->8796102263872,8796093056064->8796102231104;false
8796096529472;8796105540672;8796417589867;entries;8796094071872->8796105507904,8796093744192->8796105475136,8796093219904->8796102755392,8796093121600->8796102296640,8796093088832->8796102263872,8796093056064->8796102231104;false
8796095939656;;;;8796096562240->8796105573440,8796094071872->8796105507904,8796093744192->8796105475136,8796093219904->8796102755392,8796093121600->8796102296640,8796093088832->8796102263872,8796093056064->8796102231104;false
8796096562240;8796105573440;8796417622635;entries;8796094071872->8796105507904,8796093744192->8796105475136,8796093219904->8796102755392,8796093121600->8796102296640,8796093088832->8796102263872,8796093056064->8796102231104;false
8796095972424;;;;8796096595008->8796105606208,8796094071872->8796105507904,8796093744192->8796105475136,8796093219904->8796102755392,8796093121600->8796102296640,8796093088832->8796102263872,8796093056064->8796102231104;false
8796096595008;8796105606208;8796417655403;entries;8796094071872->8796105507904,8796093744192->8796105475136,8796093219904->8796102755392,8796093121600->8796102296640,8796093088832->8796102263872,8796093056064->8796102231104;false
8796096005192;;;;8796096627776->8796105638976,8796094071872->8796105507904,8796093744192->8796105475136,8796093219904->8796102755392,8796093121600->8796102296640,8796093088832->8796102263872,8796093056064->8796102231104;false
8796096627776;8796105638976;8796417688171;entries;8796094071872->8796105507904,8796093744192->8796105475136,8796093219904->8796102755392,8796093121600->8796102296640,8796093088832->8796102263872,8796093056064->8796102231104;false
8796096037960;;;;8796096660544->8796105671744,8796094071872->8796105507904,8796093744192->8796105475136,8796093219904->8796102755392,8796093121600->8796102296640,8796093088832->8796102263872,8796093056064->8796102231104;false
8796096660544;8796105671744;8796417720939;entries;8796094071872->8796105507904,8796093744192->8796105475136,8796093219904->8796102755392,8796093121600->8796102296640,8796093088832->8796102263872,8796093056064->8796102231104;false
8796096070728;;;;8796096693312->8796105704512,8796094071872->8796105507904,8796093744192->8796105475136,8796093219904->8796102755392,8796093121600->8796102296640,8796093088832->8796102263872,8796093056064->8796102231104;false
8796096693312;8796105704512;8796417753707;entries;8796094071872->8796105507904,8796093744192->8796105475136,8796093219904->8796102755392,8796093121600->8796102296640,8796093088832->8796102263872,8796093056064->8796102231104;false
8796096103496;;;;8796096726080->8796105737280,8796094071872->8796105507904,8796093744192->8796105475136,8796093219904->8796102755392,8796093121600->8796102296640,8796093088832->8796102263872,8796093056064->8796102231104;false
8796096726080;8796105737280;8796417786475;entries;8796094071872->8796105507904,8796093744192->8796105475136,8796093219904->8796102755392,8796093121600->8796102296640,8796093088832->8796102263872,8796093056064->8796102231104;false
8796096136264;;;;8796096758848->8796105770048,8796094071872->8796105507904,8796093744192->8796105475136,8796093219904->8796102755392,8796093121600->8796102296640,8796093088832->8796102263872,8796093056064->8796102231104;false
8796096758848;8796105770048;8796417819243;entries;8796094071872->8796105507904,8796093744192->8796105475136,8796093219904->8796102755392,8796093121600->8796102296640,8796093088832->8796102263872,8796093056064->8796102231104;false
8796096169032;;;;8796096791616->8796105835584,8796094104640->8796105802816,8796093744192->8796105475136,8796093219904->8796102755392,8796093121600->8796102296640,8796093088832->8796102263872,8796093056064->8796102231104;false
8796096791616;8796105835584;8796417884779;entries;8796094104640->8796105802816,8796093744192->8796105475136,8796093219904->8796102755392,8796093121600->8796102296640,8796093088832->8796102263872,8796093056064->8796102231104;false
8796096201800;;;;8796096824384->8796105868352,8796094104640->8796105802816,8796093744192->8796105475136,8796093219904->8796102755392,8796093121600->8796102296640,8796093088832->8796102263872,8796093056064->8796102231104;false
8796096824384;8796105868352;8796417917547;entries;8796094104640->8796105802816,8796093744192->8796105475136,8796093219904->8796102755392,8796093121600->8796102296640,8796093088832->8796102263872,8796093056064->8796102231104;false
8796096234568;;;;8796096857152->8796105901120,8796094104640->8796105802816,8796093744192->8796105475136,8796093219904->8796102755392,8796093121600->8796102296640,8796093088832->8796102263872,8796093056064->8796102231104;false
8796096857152;8796105901120;8796417950315;entries;8796094104640->8796105802816,8796093744192->8796105475136,8796093219904->8796102755392,8796093121600->8796102296640,8796093088832->8796102263872,8796093056064->8796102231104;false
8796096267336;;;;8796096889920->8796105933888,8796094104640->8796105802816,8796093744192->8796105475136,8796093219904->8796102755392,8796093121600->8796102296640,8796093088832->8796102263872,8796093056064->8796102231104;false
8796096889920;8796105933888;8796417983083;entries;8796094104640->8796105802816,8796093744192->8796105475136,8796093219904->8796102755392,8796093121600->8796102296640,8796093088832->8796102263872,8796093056064->8796102231104;false
8796093514824;;;;8796093744192->8796105475136,8796093219904->8796102755392,8796093121600->8796102296640,8796093088832->8796102263872,8796093056064->8796102231104;false
8796093744192;8796105475136;8796418048619;entries;8796093219904->8796102755392,8796093121600->8796102296640,8796093088832->8796102263872,8796093056064->8796102231104;false
8796096300104;;;;8796096922688->8796106032192,8796094137408->8796105999424,8796093776960->8796105966656,8796093219904->8796102755392,8796093121600->8796102296640,8796093088832->8796102263872,8796093056064->8796102231104;false
8796096922688;8796106032192;8796418081387;entries;8796094137408->8796105999424,8796093776960->8796105966656,8796093219904->8796102755392,8796093121600->8796102296640,8796093088832->8796102263872,8796093056064->8796102231104;false
8796096332872;;;;8796096955456->8796106064960,8796094137408->8796105999424,8796093776960->8796105966656,8796093219904->8796102755392,8796093121600->8796102296640,8796093088832->8796102263872,8796093056064->8796102231104;false
8796096955456;8796106064960;8796418114155;entries;8796094137408->8796105999424,8796093776960->8796105966656,8796093219904->8796102755392,8796093121600->8796102296640,8796093088832->8796102263872,8796093056064->8796102231104;false
8796096365640;;;;8796096988224->8796106097728,8796094137408->8796105999424,8796093776960->8796105966656,8796093219904->8796102755392,8796093121600->8796102296640,8796093088832->8796102263872,8796093056064->8796102231104;false
8796096988224;8796106097728;8796418146923;entries;8796094137408->8796105999424,8796093776960->8796105966656,8796093219904->8796102755392,8796093121600->8796102296640,8796093088832->8796102263872,8796093056064->8796102231104;false
8796096398408;;;;8796097020992->8796106130496,8796094137408->8796105999424,8796093776960->8796105966656,8796093219904->8796102755392,8796093121600->8796102296640,8796093088832->8796102263872,8796093056064->8796102231104;false
8796097020992;8796106130496;8796418179691;entries;8796094137408->8796105999424,8796093776960->8796105966656,8796093219904->8796102755392,8796093121600->8796102296640,8796093088832->8796102263872,8796093056064->8796102231104;false
8796096431176;;;;8796097053760->8796106163264,8796094137408->8796105999424,8796093776960->8796105966656,8796093219904->8796102755392,8796093121600->8796102296640,8796093088832->8796102263872,8796093056064->8796102231104;false
8796097053760;8796106163264;8796418212459;entries;8796094137408->8796105999424,8796093776960->8796105966656,8796093219904->8796102755392,8796093121600->8796102296640,8796093088832->8796102263872,8796093056064->8796102231104;false
8796096463944;;;;8796097086528->8796106228800,8796094170176->8796106196032,8796093776960->8796105966656,8796093219904->8796102755392,8796093121600->8796102296640,8796093088832->8796102263872,8796093056064->8796102231104;false
8796097086528;8796106228800;8796418277995;entries;8796094170176->8796106196032,8796093776960->8796105966656,8796093219904->8796102755392,8796093121600->8796102296640,8796093088832->8796102263872,8796093056064->8796102231104;false
8796096496712;;;;8796097119296->8796106261568,8796094170176->8796106196032,8796093776960->8796105966656,8796093219904->8796102755392,8796093121600->8796102296640,8796093088832->8796102263872,8796093056064->8796102231104;false
8796097119296;8796106261568;8796418310763;entries;8796094170176->8796106196032,8796093776960->8796105966656,8796093219904->8796102755392,8796093121600->8796102296640,8796093088832->8796102263872,8796093056064->8796102231104;false
8796096529480;;;;8796097152064->8796106294336,8796094170176->8796106196032,8796093776960->8796105966656,8796093219904->8796102755392,8796093121600->8796102296640,8796093088832->8796102263872,8796093056064->8796102231104;false
8796097152064;8796106294336;8796418343531;entries;8796094170176->8796106196032,8796093776960->8796105966656,8796093219904->8796102755392,8796093121600->8796102296640,8796093088832->8796102263872,8796093056064->8796102231104;false
8796096562248;;;;8796097184832->8796106327104,8796094170176->8796106196032,8796093776960->8796105966656,8796093219904->8796102755392,8796093121600->8796102296640,8796093088832->8796102263872,8796093056064->8796102231104;false
8796097184832;8796106327104;8796418376299;entries;8796094170176->8796106196032,8796093776960->8796105966656,8796093219904->8796102755392,8796093121600->8796102296640,8796093088832->8796102263872,8796093056064->8796102231104;false
8796096595016;;;;8796097217600->8796106359872,8796094170176->8796106196032,8796093776960->8796105966656,8796093219904->8796102755392,8796093121600->8796102296640,8796093088832->8796102263872,8796093056064->8796102231104;false
8796097217600;8796106359872;8796418409067;entries;8796094170176->8796106196032,8796093776960->8796105966656,8796093219904->8796102755392,8796093121600->8796102296640,8796093088832->8796102263872,8796093056064->8796102231104;false
8796096627784;;;;8796097250368->8796106392640,8796094170176->8796106196032,8796093776960->8796105966656,8796093219904->8796102755392,8796093121600->8796102296640,8796093088832->8796102263872,8796093056064->8796102231104;false
8796097250368;8796106392640;8796418441835;entries;8796094170176->8796106196032,8796093776960->8796105966656,8796093219904->8796102755392,8796093121600->8796102296640,8796093088832->8796102263872,8796093056064->8796102231104;false
8796093547592;;;;8796093776960->8796105966656,8796093219904->8796102755392,8796093121600->8796102296640,8796093088832->8796102263872,8796093056064->8796102231104;false
8796093776960;8796105966656;8796418507371;entries;8796093219904->8796102755392,8796093121600->8796102296640,8796093088832->8796102263872,8796093056064->8796102231104;false
8796096660552;;;;8796097381440->8796106490944,8796097283136->8796106458176,8796093252672->8796106425408,8796093121600->8796102296640,8796093088832->8796102263872,8796093056064->8796102231104;false
8796097381440;8796106490944;8796418572907;entries;8796097283136->8796106458176,8796093252672->8796106425408,8796093121600->8796102296640,8796093088832->8796102263872,8796093056064->8796102231104;false
8796096726088;;;;8796097446976->8796106589248,8796097315904->8796106556480,8796093252672->8796106425408,8796093121600->8796102296640,8796093088832->8796102263872,8796093056064->8796102231104;false
8796097446976;8796106589248;8796418703979;entries;8796097315904->8796106556480,8796093252672->8796106425408,8796093121600->8796102296640,8796093088832->8796102263872,8796093056064->8796102231104;false
8796096758856;;;;8796097479744->8796106622016,8796097315904->8796106556480,8796093252672->8796106425408,8796093121600->8796102296640,8796093088832->8796102263872,8796093056064->8796102231104;false
8796097479744;8796106622016;8796418736747;entries;8796097315904->8796106556480,8796093252672->8796106425408,8796093121600->8796102296640,8796093088832->8796102263872,8796093056064->8796102231104;false
8796096791624;;;;8796097512512->8796106687552,8796097348672->8796106654784,8796093252672->8796106425408,8796093121600->8796102296640,8796093088832->8796102263872,8796093056064->8796102231104;false
8796097512512;8796106687552;8796418802283;entries;8796097348672->8796106654784,8796093252672->8796106425408,8796093121600->8796102296640,8796093088832->8796102263872,8796093056064->8796102231104;false
8796096824392;;;;8796097545280->8796106720320,8796097348672->8796106654784,8796093252672->8796106425408,8796093121600->8796102296640,8796093088832->8796102263872,8796093056064->8796102231104;false
8796097545280;8796106720320;8796418835051;entries;8796097348672->8796106654784,8796093252672->8796106425408,8796093121600->8796102296640,8796093088832->8796102263872,8796093056064->8796102231104;false
8796096857160;;;;8796097578048->8796106753088,8796097348672->8796106654784,8796093252672->8796106425408,8796093121600->8796102296640,8796093088832->8796102263872,8796093056064->8796102231104;false
8796097578048;8796106753088;8796418867819;entries;8796097348672->8796106654784,8796093252672->8796106425408,8796093121600->8796102296640,8796093088832->8796102263872,8796093056064->8796102231104;false
8796096889928;;;;8796097610816->8796106785856,8796097348672->8796106654784,8796093252672->8796106425408,8796093121600->8796102296640,8796093088832->8796102263872,8796093056064->8796102231104;false
8796097610816;8796106785856;8796418900587;entries;8796097348672->8796106654784,8796093252672->8796106425408,8796093121600->8796102296640,8796093088832->8796102263872,8796093056064->8796102231104;false
