8796134899854;8796135030926;8796769157739;products;;false
8796126314638;8796131360910;8796511011435;products;;false
8796126544014;8796131590286;8796511437419;products;;false
8797197271070;8797204938782;8796775842411;mediaContainer;;false
8797197336606;8797204971550;8796775875179;mediaContainer;;false
8797197402142;8797205004318;8796775907947;mediaContainer;;false
8797197467678;8797205037086;8796775940715;mediaContainer;;false
8797197533214;8797205069854;8796775973483;mediaContainer;;false
8797197598750;8797205102622;8796776006251;mediaContainer;;false
8797197664286;8797205135390;8796776039019;mediaContainer;;false
8797197729822;8797205168158;8796776071787;mediaContainer;;false
