8797176856606;8797178232862;8796765815403;mediaContainer;;false
8797176922142;8797178265630;8796765848171;mediaContainer;;false
8797176987678;8797178298398;8796765880939;mediaContainer;;false
8797177053214;8797178331166;8796765913707;mediaContainer;;false
8797177118750;8797178363934;8796765946475;mediaContainer;;false
8797177184286;8797178396702;8796765979243;mediaContainer;;false
8797177249822;8797178429470;8796766012011;mediaContainer;;false
8797177315358;8797178462238;8796766044779;mediaContainer;;false
8797177380894;8797178495006;8796766077547;mediaContainer;;false
8797177446430;8797178527774;8796766110315;mediaContainer;;false
8797177511966;8797178560542;8796766143083;mediaContainer;;false
8797177577502;8797178593310;8796766175851;mediaContainer;;false
