8796093055118;8796109602958;8796093055595;categories;;false
8796093087886;8796109635726;8796093088363;categories;;false
8796093120654;8796109668494;8796093121131;categories;;false
8796093153422;8796109701262;8796093153899;products;;false
8796093186190;8796109734030;8796093186667;products;;false
8796093218958;8796109766798;8796093219435;categories,products;;false
8796093251726;8796109799566;8796093252203;categories,supercategories;;false
8796093284494;8796109832334;8796093284971;products;;false
8796093317262;8796109865102;8796093317739;categories,supercategories;;false
8796093350030;8796109897870;8796093350507;products;;false
8796093382798;8796109930638;8796093383275;categories,products;;false
8796093415566;8796109963406;8796093416043;products,supercategories;;false
8796093448334;8796109996174;8796093448811;products,supercategories;;false
8796093481102;8796110028942;8796093481579;products,supercategories;;false
8796093513870;8796110061710;8796093514347;products,supercategories;;false
8796093546638;8796110094478;8796093547115;products;;false
8796093579406;8796110127246;8796093612651;categories;;false
8796093743246;8796110291086;8796093842027;products;;false
8796093874318;8796110422158;8796094005867;products;;false
8796093907086;8796110454926;8796094071403;products;;false
8796094038158;8796110585998;8796094235243;products;;false
8796094070926;8796110618766;8796094300779;products;;false
8796094169230;8796110717070;8796094431851;products;;false
8796094464142;8796111011982;8796094759531;products;;false
8796094562446;8796111110286;8796094890603;products;;false
8796094627982;8796111175822;8796094988907;products;;false
8796095086734;8796111634574;8796095480427;products;;false
8796095119502;8796111667342;8796095545963;products;;false
8796095152270;8796111700110;8796095611499;products;;false
8796095185038;8796111732878;8796095677035;products;;false
8796095414414;8796111962254;8796095939179;products;;false
8796095479950;8796112027790;8796096037483;products;;false
8796095643790;8796112191630;8796096234091;products;;false
8796095938702;8796112486542;8796096561771;products;;false
8796095971470;8796112519310;8796096627307;products;;false
8796096528526;8796113076366;8796097217131;products;;false
8796096561294;8796113109134;8796097282667;products;;false
8796096954510;8796113502350;8796097708651;products;;false
8796097708174;8796114256014;8796098495083;products;;false
8796097740942;8796114288782;8796098560619;products;;false
8796097806478;8796114354318;8796098658923;products;;false
8796098232462;8796114780302;8796099117675;products;;false
8796098330766;8796114878606;8796099248747;products;;false
8796098396302;8796114944142;8796099347051;products;;false
8796098494606;8796115042446;8796099478123;products;;false
8796098560142;8796115107982;8796099576427;products;;false
8796098592910;8796115140750;8796099641963;products;;false
8796098658446;8796115206286;8796099740267;products;;false
8796098723982;8796115271822;8796099838571;products;;false
8796098822286;8796115370126;8796099969643;products;;false
8796098887822;8796115435662;8796100067947;products;;false
8796099018894;8796115566734;8796100231787;products;;false
8796099281038;8796115828878;8796100526699;products;;false
8796099444878;8796115992718;8796100723307;products;;false
8796099641486;8796116189326;8796100952683;products;;false
8796099707022;8796116254862;8796101050987;products;;false
8796100100238;8796116648078;8796101476971;products;;false
8796100165774;8796116713614;8796101575275;products;;false
8796100264078;8796116811918;8796101706347;products;;false
8796100427918;8796116975758;8796101902955;products;;false
8796100657294;8796117205134;8796102197867;products;;false
8796100690062;8796117237902;8796102230635;categories,supercategories;;false
8796100722830;8796117270670;8796102263403;products;;false
8796100755598;8796117303438;8796102296171;categories,products;;false
8796100788366;8796117336206;8796102328939;products;;false
8796100821134;8796117368974;8796102361707;products;;false
8796100853902;8796117401742;8796102394475;categories;;false
8796100886670;8796117434510;8796102427243;products;;false
8796100952206;8796117500046;8796102492779;products;;false
8796100984974;8796117532814;8796102525547;products,supercategories;;false
8796101050510;8796117598350;8796102591083;products;;false
8796101116046;8796117663886;8796102656619;products,supercategories;;false
8796101148814;8796117696654;8796102689387;supercategories;;false
8796101181582;8796117729422;8796102722155;supercategories;;false
8796101247118;8796117794958;8796102787691;products;;false
8796101312654;8796117860494;8796102853227;products;;false
8796101378190;8796117926030;8796102918763;products;;false
8796101410958;8796117958798;8796102951531;categories;;false
8796101443726;8796117991566;8796102984299;products,supercategories;;false
8796101574798;8796118122638;8796103115371;products;;false
8796101640334;8796118188174;8796103180907;supercategories;;false
8796101804174;8796118352014;8796103344747;supercategories;;false
8796101869710;8796118417550;8796103410283;products;;false
8796101902478;8796118450318;8796103443051;categories;;false
8796102033550;8796118581390;8796103574123;supercategories;;false
8796102099086;8796118646926;8796103639659;categories;;false
8796102131854;8796118679694;8796103672427;products;;false
8796102197390;8796118745230;8796103737963;products;;false
8796102262926;8796118810766;8796103803499;supercategories;;false
8796102361230;8796118909070;8796103901803;categories;;false
8796102590606;8796119138446;8796104131179;categories;;false
8796102688910;8796119236750;8796104229483;products;;false
8796102819982;8796119367822;8796104360555;categories;;false
8796102852750;8796119400590;8796104393323;supercategories;;false
8796102885518;8796119433358;8796104426091;products;;false
8796102918286;8796119466126;8796104458859;products;;false
8796102951054;8796119498894;8796104491627;categories;;false
8796103016590;8796119564430;8796104557163;products;;false
8796103049358;8796119597198;8796104589931;categories;;false
8796103147662;8796119695502;8796104688235;categories;;false
8796103475342;8796120023182;8796105015915;products;;false
8796103704718;8796120252558;8796105245291;categories;;false
8796103737486;8796120285326;8796105278059;supercategories;;false
8796103770254;8796120318094;8796105310827;products,supercategories;;false
8796103803022;8796120350862;8796105343595;supercategories;;false
8796103835790;8796120383630;8796105376363;supercategories;;false
8796103868558;8796120416398;8796105409131;products,supercategories;;false
8796103934094;8796120481934;8796105474667;categories;;false
8796104032398;8796120580238;8796105572971;products;;false
8796104097934;8796120645774;8796105638507;categories,supercategories;;false
8796104163470;8796120711310;8796105704043;supercategories;;false
8796104196238;8796120744078;8796105736811;categories,products;;false
8796104360078;8796120907918;8796105900651;categories;;false
8796104491150;8796121038990;8796106031723;products;;false
8796104556686;8796121104526;8796106097259;categories;;false
8796104687758;8796121235598;8796106228331;categories;;false
8796105048206;8796121596046;8796106588779;categories;;false
8796105244814;8796121792654;8796106785387;categories;;false
8796105277582;8796121825422;8796106818155;products;;false
8796105310350;8796121858190;8796106850923;supercategories;;false
8796105474190;8796122022030;8796107014763;supercategories;;false
8796105506958;8796122054798;8796107047531;categories;;false
8796105572494;8796122120334;8796107113067;categories;;false
8796105605262;8796122153102;8796107145835;supercategories;;false
8796105638030;8796122185870;8796107178603;products;;false
8796105670798;8796122218638;8796107211371;products;;false
8796105736334;8796122284174;8796107276907;categories;;false
8796105769102;8796122316942;8796107309675;supercategories;;false
8796105801870;8796122349710;8796107342443;products;;false
8796105834638;8796122382478;8796107375211;products;;false
8796105932942;8796122480782;8796107473515;categories;;false
8796105965710;8796122513550;8796107506283;supercategories;;false
8796105998478;8796122546318;8796107539051;products;;false
8796106031246;8796122579086;8796107571819;products;;false
8796106064014;8796122611854;8796107604587;categories;;false
8796106358926;8796122906766;8796107899499;products;;false
8796106522766;8796123070606;8796108063339;products;;false
8796106686606;8796123234446;8796108227179;categories;;false
8796107047054;8796123594894;8796108587627;products;;false
8796107178126;8796123725966;8796108718699;products;;false
8796107309198;8796123857038;8796108849771;products;;false
8796107341966;8796123889806;8796108882539;products;;false
8796107473038;8796124020878;8796109013611;categories;;false
8796107538574;8796124086414;8796109079147;products;;false
8796107735182;8796124283022;8796109275755;products;;false
8796107800718;8796124348558;8796109341291;categories;;false
8796107866254;8796124414094;8796109406827;supercategories;;false
8796108030094;8796124577934;8796109570667;products;;false
8796108062862;8796124610702;8796109603435;supercategories;;false
8796108095630;8796124643470;8796109636203;supercategories;;false
8796108161166;8796124709006;8796109701739;products;;false
8796108193934;8796124741774;8796109734507;products;;false
8796108390542;8796124938382;8796109931115;supercategories;;false
8796108423310;8796124971150;8796109963883;supercategories;;false
8796108456078;8796125003918;8796109996651;categories;;false
8796108587150;8796125134990;8796110127723;categories;;false
8796108685454;8796125233294;8796110226027;products;;false
8796108718222;8796125266062;8796110258795;products;;false
8796108750990;8796125298830;8796110291563;categories;;false
8796108914830;8796125462670;8796110455403;categories;;false
8796109013134;8796125560974;8796110586475;products;;false
8796109045902;8796125593742;8796110652011;products;;false
8796109078670;8796125626510;8796110717547;products;;false
8796109111438;8796125659278;8796110783083;products;;false
8796109144206;8796125692046;8796110848619;products;;false
8796109176974;8796125724814;8796110914155;products;;false
8796109209742;8796125757582;8796110979691;products;;false
8796109242510;8796125790350;8796111045227;products;;false
8796109275278;8796125823118;8796111110763;products;;false
8796109308046;8796125855886;8796111176299;products;;false
8796109340814;8796125888654;8796111241835;products;;false
8796109373582;8796125921422;8796111307371;products;;false
8796109406350;8796125954190;8796111372907;products;;false
8796109439118;8796125986958;8796111438443;products;;false
8796109471886;8796126019726;8796111503979;products;;false
8796109504654;8796126052494;8796111569515;products;;false
8796109537422;8796126085262;8796111635051;products;;false
8796109570190;8796126118030;8796111700587;products;;false
8796101804638;;;;8796094038017->8796157444097;false
8796101870174;;;;8796094038017->8796157444097;false
8796101902942;;;;8796094038017->8796157444097;false
8796101935710;;;;8796094038017->8796157444097;false
8796101968478;;;;8796094038017->8796157444097;false
8796102001246;;;;8796094038017->8796157444097;false
8796102034014;;;;8796094038017->8796157444097;false
8796094038017;8796157444097;8796119859819;productReferences;;false
8796100854366;;;;8796094562305->8796159377409;false
8796100919902;;;;8796094562305->8796159377409;false
8796100952670;;;;8796094562305->8796159377409;false
8796100985438;;;;8796094562305->8796159377409;false
8796094562305;8796159377409;8796126773867;productReferences;;false
8796098626142;;;;8796094857217->8796161736705;false
8796098658910;;;;8796094857217->8796161736705;false
8796098691678;;;;8796094857217->8796161736705;false
8796098724446;;;;8796094857217->8796161736705;false
8796098757214;;;;8796094857217->8796161736705;false
8796098789982;;;;8796094857217->8796161736705;false
8796098855518;;;;8796094857217->8796161736705;false
8796094857217;8796161736705;8796131590763;productReferences;;false
8796097086046;;;;8796104916993->8796161802241,8796098363393->8796161769473;false
8796097118814;;;;8796104916993->8796161802241,8796098363393->8796161769473;false
8796097151582;;;;8796104916993->8796161802241,8796098363393->8796161769473;false
8796104916993;8796161802241;8796132311659;productReferences;8796098363393->8796161769473;false
8796103934558;;;;8796120875009->8796162293761,8796104982529->8796162129921,8796098396161->8796161933313;false
8796103967326;;;;8796120875009->8796162293761,8796104982529->8796162129921,8796098396161->8796161933313;false
8796104000094;;;;8796120875009->8796162293761,8796104982529->8796162129921,8796098396161->8796161933313;false
8796104032862;;;;8796120875009->8796162293761,8796104982529->8796162129921,8796098396161->8796161933313;false
8796104065630;;;;8796120875009->8796162293761,8796104982529->8796162129921,8796098396161->8796161933313;false
8796104098398;;;;8796120875009->8796162293761,8796104982529->8796162129921,8796098396161->8796161933313;false
8796120875009;8796162293761;8796134244971;productReferences;8796104982529->8796162129921,8796098396161->8796161933313;false
8796103049822;;;;8796098494465->8796163080193;false
8796103082590;;;;8796098494465->8796163080193;false
8796103115358;;;;8796098494465->8796163080193;false
8796103148126;;;;8796098494465->8796163080193;false
8796103180894;;;;8796098494465->8796163080193;false
8796103213662;;;;8796098494465->8796163080193;false
8796103246430;;;;8796098494465->8796163080193;false
8796103279198;;;;8796098494465->8796163080193;false
8796098494465;8796163080193;8796139029099;productReferences;;false
8796096266846;;;;8796105277441->8796163309569,8796098527233->8796163276801;false
8796096299614;;;;8796105277441->8796163309569,8796098527233->8796163276801;false
8796105277441;8796163309569;8796139422315;productReferences;8796098527233->8796163276801;false
8796102099550;;;;8796098822145->8796165275649;false
8796098822145;8796165275649;8796164293227;productReferences;;false
8796097380958;;;;8796106358785->8796166848513,8796098953217->8796166815745;false
8796097413726;;;;8796106358785->8796166848513,8796098953217->8796166815745;false
8796097446494;;;;8796106358785->8796166848513,8796098953217->8796166815745;false
8796097512030;;;;8796106358785->8796166848513,8796098953217->8796166815745;false
8796106358785;8796166848513;8796168356459;productReferences;8796098953217->8796166815745;false
8796097643102;;;;8796106424321->8796166979585,8796098953217->8796166815745;false
8796106424321;8796166979585;8796168880747;productReferences;8796098953217->8796166815745;false
8796097348190;;;;8796106457089->8796167372801,8796098953217->8796166815745;false
8796106457089;8796167372801;8796170257003;productReferences;8796098953217->8796166815745;false
8796097020510;;;;8796099117057->8796169076737;false
8796097053278;;;;8796099117057->8796169076737;false
8796099117057;8796169076737;8796177007211;productReferences;;false
8796096561758;;;;8796107571201->8796169961473,8796099248129->8796169764865;false
8796107571201;8796169961473;8796179989099;productReferences;8796099248129->8796169764865;false
8796094267998;;;;8796108226561->8796171763713,8796099411969->8796171632641;false
8796094300766;;;;8796108226561->8796171763713,8796099411969->8796171632641;false
8796108226561;8796171763713;8796185494123;productReferences;8796099411969->8796171632641;false
8796093383262;;;;8796108259329->8796172025857,8796099411969->8796171632641;false
8796093416030;;;;8796108259329->8796172025857,8796099411969->8796171632641;false
8796093448798;;;;8796108259329->8796172025857,8796099411969->8796171632641;false
8796108259329;8796172025857;8796187001451;productReferences;8796099411969->8796171632641;false
8796094333534;;;;8796108095489->8796172091393,8796099411969->8796171632641;false
8796108095489;8796172091393;8796187099755;productReferences;8796099411969->8796171632641;false
8796093842014;;;;8796108554241->8796172943361,8796099477505->8796172779521;false
8796093874782;;;;8796108554241->8796172943361,8796099477505->8796172779521;false
8796093940318;;;;8796108554241->8796172943361,8796099477505->8796172779521;false
8796093973086;;;;8796108554241->8796172943361,8796099477505->8796172779521;false
8796094038622;;;;8796108554241->8796172943361,8796099477505->8796172779521;false
8796108554241;8796172943361;8796195160683;productReferences;8796099477505->8796172779521;false
8796094464606;;;;8796108521473->8796173107201,8796099477505->8796172779521;false
8796108521473;8796173107201;8796195390059;productReferences;8796099477505->8796172779521;false
8796094202462;;;;8796108750849->8796173795329,8796099543041->8796173500417;false
8796108750849;8796173795329;8796198044267;productReferences;8796099543041->8796173500417;false
8796093186654;;;;8796109045761->8796174385153,8796099608577->8796174352385;false
8796093219422;;;;8796109045761->8796174385153,8796099608577->8796174352385;false
8796093252190;;;;8796109045761->8796174385153,8796099608577->8796174352385;false
8796109045761;8796174385153;8796200305259;productReferences;8796099608577->8796174352385;false
8796095349342;;;;8796109078529->8796174843905,8796099641345->8796174811137;false
8796095447646;;;;8796109078529->8796174843905,8796099641345->8796174811137;false
8796099379806;;;;8796109078529->8796174843905,8796099641345->8796174811137;false
8796099412574;;;;8796109078529->8796174843905,8796099641345->8796174811137;false
8796099478110;;;;8796109078529->8796174843905,8796099641345->8796174811137;false
8796100592222;;;;8796109078529->8796174843905,8796099641345->8796174811137;false
8796100624990;;;;8796109078529->8796174843905,8796099641345->8796174811137;false
8796100657758;;;;8796109078529->8796174843905,8796099641345->8796174811137;false
8796100690526;;;;8796109078529->8796174843905,8796099641345->8796174811137;false
8796100723294;;;;8796109078529->8796174843905,8796099641345->8796174811137;false
8796109078529;8796174843905;8796201484907;productReferences;8796099641345->8796174811137;false
8796096070238;;;;8796109111297->8796174942209,8796099674113->8796174909441;false
8796096135774;;;;8796109111297->8796174942209,8796099674113->8796174909441;false
8796109111297;8796174942209;8796202074731;productReferences;8796099674113->8796174909441;false
8796096594526;;;;8796109570049->8796176416769,8796099969025->8796176384001;false
8796096627294;;;;8796109570049->8796176416769,8796099969025->8796176384001;false
8796109570049;8796176416769;8796209414763;productReferences;8796099969025->8796176384001;false
8796096430686;;;;8796109864961->8796177170433,8796100100097->8796177137665;false
8796109864961;8796177170433;8796214067819;productReferences;8796100100097->8796177137665;false
8796096234078;;;;8796111273985->8796182609921,8796100493313->8796182413313;false
8796111273985;8796182609921;8796239987307;productReferences;8796100493313->8796182413313;false
8796103737950;;;;8796135489537->8796187066369,8796112650241->8796187033601,8796100820993->8796187000833;false
8796103770718;;;;8796135489537->8796187066369,8796112650241->8796187033601,8796100820993->8796187000833;false
8796103803486;;;;8796135489537->8796187066369,8796112650241->8796187033601,8796100820993->8796187000833;false
8796135489537;8796187066369;8796262728299;productReferences;8796112650241->8796187033601,8796100820993->8796187000833;false
8796101706334;;;;8796112781313->8796187885569,8796101181441->8796187852801;false
8796101739102;;;;8796112781313->8796187885569,8796101181441->8796187852801;false
8796112781313;8796187885569;8796266103403;productReferences;8796101181441->8796187852801;false
8796093809246;;;;8796113076225->8796188966913,8796101476353->8796188934145;false
8796113076225;8796188966913;8796270559851;productReferences;8796101476353->8796188934145;false
8796102132318;;;;8796113436673->8796189851649,8796101541889->8796189818881;false
8796102197854;;;;8796113436673->8796189851649,8796101541889->8796189818881;false
8796102230622;;;;8796113436673->8796189851649,8796101541889->8796189818881;false
8796102263390;;;;8796113436673->8796189851649,8796101541889->8796189818881;false
8796102296158;;;;8796113436673->8796189851649,8796101541889->8796189818881;false
8796102328926;;;;8796113436673->8796189851649,8796101541889->8796189818881;false
8796113436673;8796189851649;8796273738347;productReferences;8796101541889->8796189818881;false
8796097839710;;;;8796113993729->8796193554433,8796101672961->8796192669697;false
8796097872478;;;;8796113993729->8796193554433,8796101672961->8796192669697;false
8796097905246;;;;8796113993729->8796193554433,8796101672961->8796192669697;false
8796113993729;8796193554433;8796283896427;productReferences;8796101672961->8796192669697;false
8796095087198;;;;8796114878465->8796197421057,8796101967873->8796197388289;false
8796101608030;;;;8796114878465->8796197421057,8796101967873->8796197388289;false
8796114878465;8796197421057;8796295070315;productReferences;8796101967873->8796197388289;false
8796102722142;;;;8796102033409->8796197552129;false
8796102820446;;;;8796102033409->8796197552129;false
8796102033409;8796197552129;8796296544875;productReferences;;false
8796094104158;;;;8796115009537->8796197814273,8796102066177->8796197781505;false
8796115009537;8796197814273;8796296938091;productReferences;8796102066177->8796197781505;false
8796096365150;;;;8796115107841->8796198141953,8796102164481->8796198109185;false
8796115107841;8796198141953;8796297855595;productReferences;8796102164481->8796198109185;false
8796093645406;;;;8796115304449->8796198535169,8796102295553->8796198502401;false
8796093678174;;;;8796115304449->8796198535169,8796102295553->8796198502401;false
8796115304449;8796198535169;8796299723371;productReferences;8796102295553->8796198502401;false
8796095185502;;;;8796115271681->8796198699009,8796102295553->8796198502401;false
8796095218270;;;;8796115271681->8796198699009,8796102295553->8796198502401;false
8796095251038;;;;8796115271681->8796198699009,8796102295553->8796198502401;false
8796095283806;;;;8796115271681->8796198699009,8796102295553->8796198502401;false
8796115271681;8796198699009;8796300313195;productReferences;8796102295553->8796198502401;false
8796093481566;;;;8796115402753->8796199452673,8796102393857->8796199419905;false
8796093514334;;;;8796115402753->8796199452673,8796102393857->8796199419905;false
8796093547102;;;;8796115402753->8796199452673,8796102393857->8796199419905;false
8796115402753;8796199452673;8796302672491;productReferences;8796102393857->8796199419905;false
8796096201310;;;;8796115468289->8796199747585,8796102426625->8796199714817;false
8796115468289;8796199747585;8796304147051;productReferences;8796102426625->8796199714817;false
8796094857822;;;;8796102459393->8796199845889;false
8796098888286;;;;8796115533825->8796199878657,8796102459393->8796199845889;false
8796098921054;;;;8796115533825->8796199878657,8796102459393->8796199845889;false
8796098953822;;;;8796115533825->8796199878657,8796102459393->8796199845889;false
8796099019358;;;;8796115533825->8796199878657,8796102459393->8796199845889;false
8796115533825;8796199878657;8796305261163;productReferences;8796102459393->8796199845889;false
8796102459393;8796199845889;8796307096171;productReferences;;false
8796094890590;;;;8796102492161->8796200960001;false
8796094923358;;;;8796102492161->8796200960001;false
8796094956126;;;;8796102492161->8796200960001;false
8796094988894;;;;8796102492161->8796200960001;false
8796095021662;;;;8796102492161->8796200960001;false
8796102492161;8796200960001;8796308374123;productReferences;;false
8796101050974;;;;8796115730433->8796201451521,8796102524929->8796201418753;false
8796101083742;;;;8796115730433->8796201451521,8796102524929->8796201418753;false
8796101149278;;;;8796115730433->8796201451521,8796102524929->8796201418753;false
8796101247582;;;;8796115730433->8796201451521,8796102524929->8796201418753;false
8796101313118;;;;8796115730433->8796201451521,8796102524929->8796201418753;false
8796115730433;8796201451521;8796309127787;productReferences;8796102524929->8796201418753;false
8796103574110;;;;8796144992257->8796201680897,8796115763201->8796201648129,8796102524929->8796201418753;false
8796144992257;8796201680897;8796309521003;productReferences;8796115763201->8796201648129,8796102524929->8796201418753;false
8796102459998;;;;8796102590465->8796201975809;false
8796102492766;;;;8796102590465->8796201975809;false
8796102525534;;;;8796102590465->8796201975809;false
8796102591070;;;;8796102590465->8796201975809;false
8796102590465;8796201975809;8796311716459;productReferences;;false
8796104262238;;;;8796146204673->8796203352065,8796116221953->8796203286529,8796102787073->8796203253761;false
8796104295006;;;;8796146204673->8796203352065,8796116221953->8796203286529,8796102787073->8796203253761;false
8796146204673;8796203352065;8796315812459;productReferences;8796116221953->8796203286529,8796102787073->8796203253761;false
8796098298462;;;;8796116680705->8796206333953,8796103016449->8796206301185;false
8796098331230;;;;8796116680705->8796206333953,8796103016449->8796206301185;false
8796103344734;;;;8796116680705->8796206333953,8796103016449->8796206301185;false
8796103377502;;;;8796116680705->8796206333953,8796103016449->8796206301185;false
8796103410270;;;;8796116680705->8796206333953,8796103016449->8796206301185;false
8796103443038;;;;8796116680705->8796206333953,8796103016449->8796206301185;false
8796116680705;8796206333953;8796321907307;productReferences;8796103016449->8796206301185;false
8796095119966;;;;8796116844545->8796206825473,8796103180289->8796206792705;false
8796116844545;8796206825473;8796323414635;productReferences;8796103180289->8796206792705;false
8796100493918;;;;8796116910081->8796207022081,8796103245825->8796206989313;false
8796100526686;;;;8796116910081->8796207022081,8796103245825->8796206989313;false
8796116910081;8796207022081;8796324102763;productReferences;8796103245825->8796206989313;false
8796096823902;;;;8796117106689->8796207546369,8796103376897->8796207513601;false
8796096856670;;;;8796117106689->8796207546369,8796103376897->8796207513601;false
8796117106689;8796207546369;8796326003307;productReferences;8796103376897->8796207513601;false
8796097217118;;;;8796117139457->8796207644673,8796103409665->8796207611905;false
8796097282654;;;;8796117139457->8796207644673,8796103409665->8796207611905;false
8796097315422;;;;8796117139457->8796207644673,8796103409665->8796207611905;false
8796117139457;8796207644673;8796326363755;productReferences;8796103409665->8796207611905;false
8796093743710;;;;8796117303297->8796208496641,8796103671809->8796208463873;false
8796117303297;8796208496641;8796329247339;productReferences;8796103671809->8796208463873;false
8796101345886;;;;8796103835649->8796209381377;false
8796101444190;;;;8796103835649->8796209381377;false
8796101476958;;;;8796103835649->8796209381377;false
8796101509726;;;;8796103835649->8796209381377;false
8796103835649;8796209381377;8796332425835;productReferences;;false
8796509306910;8796715155486;8796333146731;mediaContainer;8796117696513->8796209840129,8796103901185->8796209709057;false
8796509241374;8796715188254;8796333179499;mediaContainer;8796117696513->8796209840129,8796103901185->8796209709057;false
8796509372446;8796715221022;8796333212267;mediaContainer;8796117696513->8796209840129,8796103901185->8796209709057;false
8796509437982;8796715253790;8796333245035;mediaContainer;8796117696513->8796209840129,8796103901185->8796209709057;false
8796509503518;8796715286558;8796333277803;mediaContainer;8796117696513->8796209840129,8796103901185->8796209709057;false
8796096922206;;;;8796118089729->8796211478529,8796104065025->8796210823169;false
8796118089729;8796211478529;8796338717291;productReferences;8796104065025->8796210823169;false
8796097544798;;;;8796118155265->8796212068353,8796104065025->8796210823169;false
8796118155265;8796212068353;8796340585067;productReferences;8796104065025->8796210823169;false
8796094726750;;;;8796118482945->8796213706753,8796104163329->8796213673985;false
8796118482945;8796213706753;8796347335275;productReferences;8796104163329->8796213673985;false
8796094497374;;;;8796118450177->8796213837825,8796104163329->8796213673985;false
8796094562910;;;;8796118450177->8796213837825,8796104163329->8796213673985;false
8796098003550;;;;8796118450177->8796213837825,8796104163329->8796213673985;false
8796118450177;8796213837825;8796347728491;productReferences;8796104163329->8796213673985;false
8796098363998;;;;8796104327169->8796215508993;false
8796104327169;8796215508993;8796354413163;productReferences;;false
8796099674718;;;;8796119171073->8796217376769,8796104458241->8796216721409;false
8796119171073;8796217376769;8796360508011;productReferences;8796104458241->8796216721409;false
8796213313566;8796735471646;8796369846891;mediaContainer;;false
8796214034462;8796735504414;8796369879659;mediaContainer;;false
8796214099998;8796735537182;8796369912427;mediaContainer;;false
8796214165534;8796735569950;8796369945195;mediaContainer;;false
8796214231070;8796735602718;8796369977963;mediaContainer;;false
8796214296606;8796735635486;8796370010731;mediaContainer;;false
8796214362142;8796735668254;8796370043499;mediaContainer;;false
8796214427678;8796735701022;8796370076267;mediaContainer;;false
8796214493214;8796735733790;8796370109035;mediaContainer;;false
8796214558750;8796735766558;8796370141803;mediaContainer;;false
8796214624286;8796735799326;8796370174571;mediaContainer;;false
8796214689822;8796735832094;8796370207339;mediaContainer;;false
8796214755358;8796735864862;8796370240107;mediaContainer;;false
8796214820894;8796735897630;8796370272875;mediaContainer;;false
8796215017502;8796735930398;8796370305643;mediaContainer;;false
8796215083038;8796735963166;8796370338411;mediaContainer;;false
8796215148574;8796735995934;8796370371179;mediaContainer;;false
8796215345182;8796736028702;8796370403947;mediaContainer;;false
8796215410718;8796736061470;8796370436715;mediaContainer;;false
8796215476254;8796736094238;8796370469483;mediaContainer;;false
8796215541790;8796736127006;8796370502251;mediaContainer;;false
8796215607326;8796736159774;8796370535019;mediaContainer;;false
8796215672862;8796736192542;8796370567787;mediaContainer;;false
8796215738398;8796736225310;8796370600555;mediaContainer;;false
8796215803934;8796736258078;8796370633323;mediaContainer;;false
8796215869470;8796736290846;8796370666091;mediaContainer;;false
8796215935006;8796736323614;8796370698859;mediaContainer;;false
8796216000542;8796736356382;8796370731627;mediaContainer;;false
8796216066078;8796736389150;8796370764395;mediaContainer;;false
8796216131614;8796736421918;8796370797163;mediaContainer;;false
8796216262686;8796736454686;8796370829931;mediaContainer;;false
8796216328222;8796736487454;8796370862699;mediaContainer;;false
8796216393758;8796736520222;8796370895467;mediaContainer;;false
8796216459294;8796736552990;8796370928235;mediaContainer;;false
8796216524830;8796736585758;8796370961003;mediaContainer;;false
8796216590366;8796736618526;8796370993771;mediaContainer;;false
8796216655902;8796736651294;8796371026539;mediaContainer;;false
8796216721438;8796736684062;8796371059307;mediaContainer;;false
8796216786974;8796736716830;8796371092075;mediaContainer;;false
8796216852510;8796736749598;8796371124843;mediaContainer;;false
8796216918046;8796736782366;8796371157611;mediaContainer;;false
8796216983582;8796736815134;8796371190379;mediaContainer;;false
8796217049118;8796736847902;8796371223147;mediaContainer;;false
8796217245726;8796736880670;8796371255915;mediaContainer;;false
8796217311262;8796736913438;8796371288683;mediaContainer;;false
8796217376798;8796736946206;8796371321451;mediaContainer;;false
8796217442334;8796736978974;8796371354219;mediaContainer;;false
8796217507870;8796737011742;8796371386987;mediaContainer;;false
8796217573406;8796737044510;8796371419755;mediaContainer;;false
8796217638942;8796737077278;8796371452523;mediaContainer;;false
8796219277342;8796737110046;8796371485291;mediaContainer;;false
8796219342878;8796737142814;8796371518059;mediaContainer;;false
8796219408414;8796737175582;8796371550827;mediaContainer;;false
8796219473950;8796737208350;8796371583595;mediaContainer;;false
8796219539486;8796737241118;8796371616363;mediaContainer;;false
8796219605022;8796737273886;8796371649131;mediaContainer;;false
8796219670558;8796737306654;8796371681899;mediaContainer;;false
8796221177886;8796737339422;8796371714667;mediaContainer;;false
8796221898782;8796737372190;8796371747435;mediaContainer;;false
8796221964318;8796737404958;8796371780203;mediaContainer;;false
8796222029854;8796737437726;8796371812971;mediaContainer;;false
8796222095390;8796737470494;8796371845739;mediaContainer;;false
8796222160926;8796737503262;8796371878507;mediaContainer;;false
8796222226462;8796737536030;8796371911275;mediaContainer;;false
8796222291998;8796737568798;8796371944043;mediaContainer;;false
8796222357534;8796737601566;8796371976811;mediaContainer;;false
8796222423070;8796737634334;8796372009579;mediaContainer;;false
8796222488606;8796737667102;8796372042347;mediaContainer;;false
8796222554142;8796737699870;8796372075115;mediaContainer;;false
8796222619678;8796737732638;8796372107883;mediaContainer;;false
8796222685214;8796737765406;8796372140651;mediaContainer;;false
8796222881822;8796737798174;8796372173419;mediaContainer;;false
8796222947358;8796737830942;8796372206187;mediaContainer;;false
8796223012894;8796737863710;8796372238955;mediaContainer;;false
8796223209502;8796737896478;8796372271723;mediaContainer;;false
8796223275038;8796737929246;8796372304491;mediaContainer;;false
8796223340574;8796737962014;8796372337259;mediaContainer;;false
8796223406110;8796737994782;8796372370027;mediaContainer;;false
8796223471646;8796738027550;8796372402795;mediaContainer;;false
8796223537182;8796738060318;8796372435563;mediaContainer;;false
8796223602718;8796738093086;8796372468331;mediaContainer;;false
8796223668254;8796738125854;8796372501099;mediaContainer;;false
8796223733790;8796738158622;8796372533867;mediaContainer;;false
8796223799326;8796738191390;8796372566635;mediaContainer;;false
8796223864862;8796738224158;8796372599403;mediaContainer;;false
8796223930398;8796738256926;8796372632171;mediaContainer;;false
8796223995934;8796738289694;8796372664939;mediaContainer;;false
8796224127006;8796738322462;8796372697707;mediaContainer;;false
8796224192542;8796738355230;8796372730475;mediaContainer;;false
8796224258078;8796738387998;8796372763243;mediaContainer;;false
8796224323614;8796738420766;8796372796011;mediaContainer;;false
8796224389150;8796738453534;8796372828779;mediaContainer;;false
8796224454686;8796738486302;8796372861547;mediaContainer;;false
8796224520222;8796738519070;8796372894315;mediaContainer;;false
8796224585758;8796738551838;8796372927083;mediaContainer;;false
8796224651294;8796738584606;8796372959851;mediaContainer;;false
8796224716830;8796738617374;8796372992619;mediaContainer;;false
8796224782366;8796738650142;8796373025387;mediaContainer;;false
8796224847902;8796738682910;8796373058155;mediaContainer;;false
8796224913438;8796738715678;8796373090923;mediaContainer;;false
8796225110046;8796738748446;8796373123691;mediaContainer;;false
8796225175582;8796738781214;8796373156459;mediaContainer;;false
8796225241118;8796738813982;8796373189227;mediaContainer;;false
8796225306654;8796738846750;8796373221995;mediaContainer;;false
8796225372190;8796738879518;8796373254763;mediaContainer;;false
8796225437726;8796738912286;8796373287531;mediaContainer;;false
8796225503262;8796738945054;8796373320299;mediaContainer;;false
8796227141662;8796738977822;8796373353067;mediaContainer;;false
8796227207198;8796739010590;8796373385835;mediaContainer;;false
8796227272734;8796739043358;8796373418603;mediaContainer;;false
8796227338270;8796739076126;8796373451371;mediaContainer;;false
8796227403806;8796739108894;8796373484139;mediaContainer;;false
8796227469342;8796739141662;8796373516907;mediaContainer;;false
8796227534878;8796739174430;8796373549675;mediaContainer;;false
8796229042206;8796739207198;8796373582443;mediaContainer;;false
8796229763102;8796739239966;8796373615211;mediaContainer;;false
8796229828638;8796739272734;8796373647979;mediaContainer;;false
8796229894174;8796739305502;8796373680747;mediaContainer;;false
8796229959710;8796739338270;8796373713515;mediaContainer;;false
8796230025246;8796739371038;8796373746283;mediaContainer;;false
8796230090782;8796739403806;8796373779051;mediaContainer;;false
8796230156318;8796739436574;8796373811819;mediaContainer;;false
8796230221854;8796739469342;8796373844587;mediaContainer;;false
8796230287390;8796739502110;8796373877355;mediaContainer;;false
8796230352926;8796739534878;8796373910123;mediaContainer;;false
8796230418462;8796739567646;8796373942891;mediaContainer;;false
8796230483998;8796739600414;8796373975659;mediaContainer;;false
8796230549534;8796739633182;8796374008427;mediaContainer;;false
8796230746142;8796739665950;8796374041195;mediaContainer;;false
8796230811678;8796739698718;8796374073963;mediaContainer;;false
8796230877214;8796739731486;8796374106731;mediaContainer;;false
8796231073822;8796739764254;8796374139499;mediaContainer;;false
8796231139358;8796739797022;8796374172267;mediaContainer;;false
8796231204894;8796739829790;8796374205035;mediaContainer;;false
8796231270430;8796739862558;8796374237803;mediaContainer;;false
8796231335966;8796739895326;8796374270571;mediaContainer;;false
8796231401502;8796739928094;8796374303339;mediaContainer;;false
8796231467038;8796739960862;8796374336107;mediaContainer;;false
8796231532574;8796739993630;8796374368875;mediaContainer;;false
8796231598110;8796740026398;8796374401643;mediaContainer;;false
8796231663646;8796740059166;8796374434411;mediaContainer;;false
8796231729182;8796740091934;8796374467179;mediaContainer;;false
8796231794718;8796740124702;8796374499947;mediaContainer;;false
8796231860254;8796740157470;8796374532715;mediaContainer;;false
8796231991326;8796740190238;8796374565483;mediaContainer;;false
8796232056862;8796740223006;8796374598251;mediaContainer;;false
8796232122398;8796740255774;8796374631019;mediaContainer;;false
8796232187934;8796740288542;8796374663787;mediaContainer;;false
8796232253470;8796740321310;8796374696555;mediaContainer;;false
8796232319006;8796740354078;8796374729323;mediaContainer;;false
8796232384542;8796740386846;8796374762091;mediaContainer;;false
8796232450078;8796740419614;8796374794859;mediaContainer;;false
8796232515614;8796740452382;8796374827627;mediaContainer;;false
8796232581150;8796740485150;8796374860395;mediaContainer;;false
8796232646686;8796740517918;8796374893163;mediaContainer;;false
8796232712222;8796740550686;8796374925931;mediaContainer;;false
8796232777758;8796740583454;8796374958699;mediaContainer;;false
8796232974366;8796740616222;8796374991467;mediaContainer;;false
8796233039902;8796740648990;8796375024235;mediaContainer;;false
8796233105438;8796740681758;8796375057003;mediaContainer;;false
8796233170974;8796740714526;8796375089771;mediaContainer;;false
8796233236510;8796740747294;8796375122539;mediaContainer;;false
8796233302046;8796740780062;8796375155307;mediaContainer;;false
8796233367582;8796740812830;8796375188075;mediaContainer;;false
8796235005982;8796740845598;8796375220843;mediaContainer;;false
8796235071518;8796740878366;8796375253611;mediaContainer;;false
8796235137054;8796740911134;8796375286379;mediaContainer;;false
8796235202590;8796740943902;8796375319147;mediaContainer;;false
8796235268126;8796740976670;8796375351915;mediaContainer;;false
8796235333662;8796741009438;8796375384683;mediaContainer;;false
8796235399198;8796741042206;8796375417451;mediaContainer;;false
8796236906526;8796741074974;8796375450219;mediaContainer;;false
8796237627422;8796741107742;8796375482987;mediaContainer;;false
8796237692958;8796741140510;8796375515755;mediaContainer;;false
8796237758494;8796741173278;8796375548523;mediaContainer;;false
8796237824030;8796741206046;8796375581291;mediaContainer;;false
8796237889566;8796741238814;8796375614059;mediaContainer;;false
8796237955102;8796741271582;8796375646827;mediaContainer;;false
8796238020638;8796741304350;8796375679595;mediaContainer;;false
8796238086174;8796741337118;8796375712363;mediaContainer;;false
8796238151710;8796741369886;8796375745131;mediaContainer;;false
8796238217246;8796741402654;8796375777899;mediaContainer;;false
8796238282782;8796741435422;8796375810667;mediaContainer;;false
8796238348318;8796741468190;8796375843435;mediaContainer;;false
8796238413854;8796741500958;8796375876203;mediaContainer;;false
8796238610462;8796741533726;8796375908971;mediaContainer;;false
8796238675998;8796741566494;8796375941739;mediaContainer;;false
8796238741534;8796741599262;8796375974507;mediaContainer;;false
8796238938142;8796741632030;8796376007275;mediaContainer;;false
8796239003678;8796741664798;8796376040043;mediaContainer;;false
8796239069214;8796741697566;8796376072811;mediaContainer;;false
8796239134750;8796741730334;8796376105579;mediaContainer;;false
8796239200286;8796741763102;8796376138347;mediaContainer;;false
8796239265822;8796741795870;8796376171115;mediaContainer;;false
8796239331358;8796741828638;8796376203883;mediaContainer;;false
8796239396894;8796741861406;8796376236651;mediaContainer;;false
8796239462430;8796741894174;8796376269419;mediaContainer;;false
8796239527966;8796741926942;8796376302187;mediaContainer;;false
8796239593502;8796741959710;8796376334955;mediaContainer;;false
8796239659038;8796741992478;8796376367723;mediaContainer;;false
8796239724574;8796742025246;8796376400491;mediaContainer;;false
8796239855646;8796742058014;8796376433259;mediaContainer;;false
8796239921182;8796742090782;8796376466027;mediaContainer;;false
8796239986718;8796742123550;8796376498795;mediaContainer;;false
8796240052254;8796742156318;8796376531563;mediaContainer;;false
8796240117790;8796742189086;8796376564331;mediaContainer;;false
8796240183326;8796742221854;8796376597099;mediaContainer;;false
8796240248862;8796742254622;8796376629867;mediaContainer;;false
8796240314398;8796742287390;8796376662635;mediaContainer;;false
8796240379934;8796742320158;8796376695403;mediaContainer;;false
8796240445470;8796742352926;8796376728171;mediaContainer;;false
8796240511006;8796742385694;8796376760939;mediaContainer;;false
8796240576542;8796742418462;8796376793707;mediaContainer;;false
8796240642078;8796742451230;8796376826475;mediaContainer;;false
8796240838686;8796742483998;8796376859243;mediaContainer;;false
8796240904222;8796742516766;8796376892011;mediaContainer;;false
8796240969758;8796742549534;8796376924779;mediaContainer;;false
8796241035294;8796742582302;8796376957547;mediaContainer;;false
8796241100830;8796742615070;8796376990315;mediaContainer;;false
8796241166366;8796742647838;8796377023083;mediaContainer;;false
8796241231902;8796742680606;8796377055851;mediaContainer;;false
8796242870302;8796742713374;8796377088619;mediaContainer;;false
8796242935838;8796742746142;8796377121387;mediaContainer;;false
8796243001374;8796742778910;8796377154155;mediaContainer;;false
8796243066910;8796742811678;8796377186923;mediaContainer;;false
8796243132446;8796742844446;8796377219691;mediaContainer;;false
8796243197982;8796742877214;8796377252459;mediaContainer;;false
8796243263518;8796742909982;8796377285227;mediaContainer;;false
8796244770846;8796742942750;8796377317995;mediaContainer;;false
8796245491742;8796742975518;8796377350763;mediaContainer;;false
8796245557278;8796743008286;8796377383531;mediaContainer;;false
8796245622814;8796743041054;8796377416299;mediaContainer;;false
8796245688350;8796743073822;8796377449067;mediaContainer;;false
8796245753886;8796743106590;8796377481835;mediaContainer;;false
8796245819422;8796743139358;8796377514603;mediaContainer;;false
8796245884958;8796743172126;8796377547371;mediaContainer;;false
8796245950494;8796743204894;8796377580139;mediaContainer;;false
8796246016030;8796743237662;8796377612907;mediaContainer;;false
8796246081566;8796743270430;8796377645675;mediaContainer;;false
8796246147102;8796743303198;8796377678443;mediaContainer;;false
8796246212638;8796743335966;8796377711211;mediaContainer;;false
8796246278174;8796743368734;8796377743979;mediaContainer;;false
8796246474782;8796743401502;8796377776747;mediaContainer;;false
8796246540318;8796743434270;8796377809515;mediaContainer;;false
8796246605854;8796743467038;8796377842283;mediaContainer;;false
8796246802462;8796743499806;8796377875051;mediaContainer;;false
8796246867998;8796743532574;8796377907819;mediaContainer;;false
8796246933534;8796743565342;8796377940587;mediaContainer;;false
8796246999070;8796743598110;8796377973355;mediaContainer;;false
8796247064606;8796743630878;8796378006123;mediaContainer;;false
8796247130142;8796743663646;8796378038891;mediaContainer;;false
8796247195678;8796743696414;8796378071659;mediaContainer;;false
8796247261214;8796743729182;8796378104427;mediaContainer;;false
8796247326750;8796743761950;8796378137195;mediaContainer;;false
8796247392286;8796743794718;8796378169963;mediaContainer;;false
8796247457822;8796743827486;8796378202731;mediaContainer;;false
8796247523358;8796743860254;8796378235499;mediaContainer;;false
8796247588894;8796743893022;8796378268267;mediaContainer;;false
8796247719966;8796743925790;8796378301035;mediaContainer;;false
8796247785502;8796743958558;8796378333803;mediaContainer;;false
8796247851038;8796743991326;8796378366571;mediaContainer;;false
8796247916574;8796744024094;8796378399339;mediaContainer;;false
8796247982110;8796744056862;8796378432107;mediaContainer;;false
8796248047646;8796744089630;8796378464875;mediaContainer;;false
8796248113182;8796744122398;8796378497643;mediaContainer;;false
8796248178718;8796744155166;8796378530411;mediaContainer;;false
8796248244254;8796744187934;8796378563179;mediaContainer;;false
8796248309790;8796744220702;8796378595947;mediaContainer;;false
8796248375326;8796744253470;8796378628715;mediaContainer;;false
8796248440862;8796744286238;8796378661483;mediaContainer;;false
8796248506398;8796744319006;8796378694251;mediaContainer;;false
8796248703006;8796744351774;8796378727019;mediaContainer;;false
8796248768542;8796744384542;8796378759787;mediaContainer;;false
8796248834078;8796744417310;8796378792555;mediaContainer;;false
8796248899614;8796744450078;8796378825323;mediaContainer;;false
8796248965150;8796744482846;8796378858091;mediaContainer;;false
8796249030686;8796744515614;8796378890859;mediaContainer;;false
8796249096222;8796744548382;8796378923627;mediaContainer;;false
8796250734622;8796744581150;8796378956395;mediaContainer;;false
8796250800158;8796744613918;8796378989163;mediaContainer;;false
8796250865694;8796744646686;8796379021931;mediaContainer;;false
8796250931230;8796744679454;8796379054699;mediaContainer;;false
8796250996766;8796744712222;8796379087467;mediaContainer;;false
8796251062302;8796744744990;8796379120235;mediaContainer;;false
8796251127838;8796744777758;8796379153003;mediaContainer;;false
8796252635166;8796744810526;8796379185771;mediaContainer;;false
8796253356062;8796744843294;8796379218539;mediaContainer;;false
8796253421598;8796744876062;8796379251307;mediaContainer;;false
8796253487134;8796744908830;8796379284075;mediaContainer;;false
8796253552670;8796744941598;8796379316843;mediaContainer;;false
8796253618206;8796744974366;8796379349611;mediaContainer;;false
8796253683742;8796745007134;8796379382379;mediaContainer;;false
8796253749278;8796745039902;8796379415147;mediaContainer;;false
8796253814814;8796745072670;8796379447915;mediaContainer;;false
8796253880350;8796745105438;8796379480683;mediaContainer;;false
8796253945886;8796745138206;8796379513451;mediaContainer;;false
8796254011422;8796745170974;8796379546219;mediaContainer;;false
8796254076958;8796745203742;8796379578987;mediaContainer;;false
8796254142494;8796745236510;8796379611755;mediaContainer;;false
8796254339102;8796745269278;8796379644523;mediaContainer;;false
8796254404638;8796745302046;8796379677291;mediaContainer;;false
8796254470174;8796745334814;8796379710059;mediaContainer;;false
8796254666782;8796745367582;8796379742827;mediaContainer;;false
8796254732318;8796745400350;8796379775595;mediaContainer;;false
8796254797854;8796745433118;8796379808363;mediaContainer;;false
8796254863390;8796745465886;8796379841131;mediaContainer;;false
8796254928926;8796745498654;8796379873899;mediaContainer;;false
8796254994462;8796745531422;8796379906667;mediaContainer;;false
8796255059998;8796745564190;8796379939435;mediaContainer;;false
8796255125534;8796745596958;8796379972203;mediaContainer;;false
8796255191070;8796745629726;8796380004971;mediaContainer;;false
8796255256606;8796745662494;8796380037739;mediaContainer;;false
8796255322142;8796745695262;8796380070507;mediaContainer;;false
8796255387678;8796745728030;8796380103275;mediaContainer;;false
8796255453214;8796745760798;8796380136043;mediaContainer;;false
8796255584286;8796745793566;8796380168811;mediaContainer;;false
8796255649822;8796745826334;8796380201579;mediaContainer;;false
8796255715358;8796745859102;8796380234347;mediaContainer;;false
8796255780894;8796745891870;8796380267115;mediaContainer;;false
8796255846430;8796745924638;8796380299883;mediaContainer;;false
8796255911966;8796745957406;8796380332651;mediaContainer;;false
8796255977502;8796745990174;8796380365419;mediaContainer;;false
8796256043038;8796746022942;8796380398187;mediaContainer;;false
8796256108574;8796746055710;8796380430955;mediaContainer;;false
8796256174110;8796746088478;8796380463723;mediaContainer;;false
8796256239646;8796746121246;8796380496491;mediaContainer;;false
8796256305182;8796746154014;8796380529259;mediaContainer;;false
8796256370718;8796746186782;8796380562027;mediaContainer;;false
8796256567326;8796746219550;8796380594795;mediaContainer;;false
8796256632862;8796746252318;8796380627563;mediaContainer;;false
8796256698398;8796746285086;8796380660331;mediaContainer;;false
8796256763934;8796746317854;8796380693099;mediaContainer;;false
8796256829470;8796746350622;8796380725867;mediaContainer;;false
8796256895006;8796746383390;8796380758635;mediaContainer;;false
8796256960542;8796746416158;8796380791403;mediaContainer;;false
8796258598942;8796746448926;8796380824171;mediaContainer;;false
8796258664478;8796746481694;8796380856939;mediaContainer;;false
8796258730014;8796746514462;8796380889707;mediaContainer;;false
8796258795550;8796746547230;8796380922475;mediaContainer;;false
8796258861086;8796746579998;8796380955243;mediaContainer;;false
8796258926622;8796746612766;8796380988011;mediaContainer;;false
8796258992158;8796746645534;8796381020779;mediaContainer;;false
