8796142403726;8796142502030;8797807608427;products;;false
8796135227534;8796140568718;8796779381355;products;;false
8796139815054;8796141355150;8796781314667;products;;false
8797550084126;8797554442270;8797811245675;mediaContainer;;false
8797550149662;8797554475038;8797811278443;mediaContainer;;false
8797550215198;8797554507806;8797811311211;mediaContainer;;false
8797550280734;8797554540574;8797811343979;mediaContainer;;false
8797550346270;8797554573342;8797811376747;mediaContainer;;false
8797550411806;8797554606110;8797811409515;mediaContainer;;false
8797550477342;8797554638878;8797811442283;mediaContainer;;false
8797550542878;8797554671646;8797811475051;mediaContainer;;false
8797550608414;8797554704414;8797811507819;mediaContainer;;false
8797550673950;8797554737182;8797811540587;mediaContainer;;false
8797550739486;8797554769950;8797811573355;mediaContainer;;false
8797550805022;8797554802718;8797811606123;mediaContainer;;false
8797550870558;8797554835486;8797811638891;mediaContainer;;false
8797550936094;8797554868254;8797811671659;mediaContainer;;false
8797551001630;8797554901022;8797811704427;mediaContainer;;false
8797551067166;8797554933790;8797811737195;mediaContainer;;false
8797551132702;8797554966558;8797811769963;mediaContainer;;false
8797551198238;8797554999326;8797811802731;mediaContainer;;false
8797551263774;8797555032094;8797811835499;mediaContainer;;false
8797551329310;8797555064862;8797811868267;mediaContainer;;false
8797551394846;8797555097630;8797811901035;mediaContainer;;false
8797551460382;8797555130398;8797811933803;mediaContainer;;false
8797551525918;8797555163166;8797811966571;mediaContainer;;false
8797551591454;8797555195934;8797811999339;mediaContainer;;false
8797551656990;8797555228702;8797812032107;mediaContainer;;false
8797552705566;8797555261470;8797812064875;mediaContainer;;false
8797552771102;8797555294238;8797812097643;mediaContainer;;false
8797552836638;8797555327006;8797812130411;mediaContainer;;false
8797552902174;8797555359774;8797812163179;mediaContainer;;false
