8796135063694;8796140404878;8796779086443;categories;;false
8796135096462;8796140437646;8796779119211;categories;;false
8796135129230;8796140470414;8796779151979;categories;;false
8796135161998;8796140503182;8796779184747;categories;;false
8796135194766;8796140535950;8796779283051;products;;false
8796135227534;8796140568718;8796779381355;categories;;false
8796135260302;8796140601486;8796779414123;products;;false
8796135293070;8796140634254;8796779512427;products;;false
8796135325838;8796140667022;8796779545195;categories,products;;false
8796135358606;8796140699790;8796779643499;products;;false
8796135391374;8796140732558;8796779676267;categories;;false
8796135424142;8796140765326;8796779774571;products;;false
8796135456910;8796140798094;8796779872875;products;;false
8796135489678;8796140830862;8796779971179;products;;false
8796135522446;8796140863630;8796780069483;products;;false
8796135555214;8796140896398;8796780167787;products;;false
8796135587982;8796140929166;8796780266091;products;;false
8796135620750;8796140961934;8796780364395;products,supercategories;;false
8796135653518;8796140994702;8796780462699;categories;;false
8796135686286;8796141027470;8796780561003;products;;false
8796135719054;8796141060238;8796780659307;products;;false
8796135751822;8796141093006;8796780757611;products;;false
8796135784590;8796141125774;8796780855915;products;;false
8796135817358;8796141158542;8796780888683;products;;false
8796135850126;8796141191310;8796780986987;products;;false
8796135882894;8796141224078;8796781085291;products;;false
8796139716750;8796141256846;8796781118059;categories;;false
8796139749518;8796141289614;8796781183595;products;;false
8796139782286;8796141322382;8796781249131;products;;false
8796139815054;8796141355150;8796781314667;products;;false
8796139847822;8796141387918;8796781380203;products;;false
8796139880590;8796141420686;8796781445739;products;;false
8796139913358;8796141453454;8796781511275;products;;false
8796139946126;8796141486222;8796781576811;products;;false
8796139978894;8796141518990;8796781642347;products;;false
8796140011662;8796141551758;8796781707883;products;;false
8796140044430;8796141584526;8796781773419;products;;false
8796140077198;8796141617294;8796781838955;products;;false
8796140109966;8796141650062;8796781904491;products;;false
8796140142734;8796141682830;8796781970027;products;;false
8796140175502;8796141715598;8796782035563;products;;false
8796140208270;8796141748366;8796782101099;products;;false
8796140241038;8796141781134;8796782166635;products;;false
8796140273806;8796141813902;8796782199403;categories,products;;false
8796140306574;8796141846670;8796782232171;products;;false
8796140339342;8796141879438;8796782264939;products;;false
8796140372110;8796141912206;8796782297707;products;;false
8796116845150;;;;8796310339585->8796319219713;false
8796116877918;;;;8796310339585->8796319219713;false
8796116910686;;;;8796310339585->8796319219713;false
8796116943454;;;;8796310339585->8796319219713;false
8796310339585;8796319219713;8796821193323;productReferences;;false
8797285679134;8797413965854;8796850684523;mediaContainer;8796310634497->8796319514625;false
8797259399198;8797413998622;8796850717291;mediaContainer;8796310634497->8796319514625;false
8797338370078;8797414031390;8796850750059;mediaContainer;8796310634497->8796319514625;false
8797364715550;8797414064158;8796850782827;mediaContainer;8796310634497->8796319514625;false
8797312024606;8797414096926;8796850815595;mediaContainer;8796310634497->8796319514625;false
8796119499358;;;;8796310896641->8796319776769;false
8796119532126;;;;8796310896641->8796319776769;false
8796119630430;;;;8796310896641->8796319776769;false
8796119663198;;;;8796310896641->8796319776769;false
8796119827038;;;;8796310896641->8796319776769;false
8796119859806;;;;8796310896641->8796319776769;false
8796119892574;;;;8796310896641->8796319776769;false
8796119925342;;;;8796310896641->8796319776769;false
8796310896641;8796319776769;8796878111339;productReferences;;false
8796116976222;;;;8796311584769->8796320464897;false
8796311584769;8796320464897;8796943352427;productReferences;;false
8796127527518;;;;8796311683073->8796320563201;false
8796311683073;8796320563201;8796951904875;productReferences;;false
8796129690206;;;;8796311846913->8796320727041;false
8796129788510;;;;8796311846913->8796320727041;false
8796129821278;;;;8796311846913->8796320727041;false
8796129854046;;;;8796311846913->8796320727041;false
8796311846913;8796320727041;8796959507051;productReferences;;false
8796122939998;;;;8796312109057->8796320989185;false
8796123005534;;;;8796312109057->8796320989185;false
8796123038302;;;;8796312109057->8796320989185;false
8796123071070;;;;8796312109057->8796320989185;false
8796312109057;8796320989185;8796990243435;productReferences;;false
8796123497054;;;;8796312141825->8796321021953;false
8796123529822;;;;8796312141825->8796321021953;false
8796312141825;8796321021953;8796996534891;productReferences;;false
8796117008990;;;;8796312469505->8796321349633;false
8796117041758;;;;8796312469505->8796321349633;false
8796117074526;;;;8796312469505->8796321349633;false
8796117107294;;;;8796312469505->8796321349633;false
8796117140062;;;;8796312469505->8796321349633;false
8796117172830;;;;8796312469505->8796321349633;false
8796117205598;;;;8796312469505->8796321349633;false
8796117238366;;;;8796312469505->8796321349633;false
8796117336670;;;;8796312469505->8796321349633;false
8796117369438;;;;8796312469505->8796321349633;false
8796117402206;;;;8796312469505->8796321349633;false
8796117434974;;;;8796312469505->8796321349633;false
8796117467742;;;;8796312469505->8796321349633;false
8796312469505;8796321349633;8797018161771;productReferences;;false
8796119990878;;;;8796312502273->8796321382401;false
8796312502273;8796321382401;8797019800171;productReferences;;false
8796128543326;;;;8796312764417->8796321644545;false
8796128576094;;;;8796312764417->8796321644545;false
8796128608862;;;;8796312764417->8796321644545;false
8796128641630;;;;8796312764417->8796321644545;false
8796128674398;;;;8796312764417->8796321644545;false
8796128707166;;;;8796312764417->8796321644545;false
8796128772702;;;;8796312764417->8796321644545;false
8796128903774;;;;8796312764417->8796321644545;false
8796128936542;;;;8796312764417->8796321644545;false
8796312764417;8796321644545;8797046342251;productReferences;;false
8796129034846;;;;8796312797185->8796321677313;false
8796312797185;8796321677313;8797052535403;productReferences;;false
8796119040606;;;;8796312862721->8796321742849;false
8796119073374;;;;8796312862721->8796321742849;false
8796119106142;;;;8796312862721->8796321742849;false
8796119138910;;;;8796312862721->8796321742849;false
8796119171678;;;;8796312862721->8796321742849;false
8796119204446;;;;8796312862721->8796321742849;false
8796312862721;8796321742849;8797060760171;productReferences;;false
8796121924190;;;;8796312895489->8796321775617;false
8796121989726;;;;8796312895489->8796321775617;false
8796122022494;;;;8796312895489->8796321775617;false
8796122055262;;;;8796312895489->8796321775617;false
8796122088030;;;;8796312895489->8796321775617;false
8796122120798;;;;8796312895489->8796321775617;false
8796312895489;8796321775617;8797067084395;productReferences;;false
8796125692510;;;;8796312928257->8796321808385;false
8796125725278;;;;8796312928257->8796321808385;false
8796125758046;;;;8796312928257->8796321808385;false
8796125790814;;;;8796312928257->8796321808385;false
8796125823582;;;;8796312928257->8796321808385;false
8796125889118;;;;8796312928257->8796321808385;false
8796125987422;;;;8796312928257->8796321808385;false
8796126052958;;;;8796312928257->8796321808385;false
8796126085726;;;;8796312928257->8796321808385;false
8796312928257;8796321808385;8797071180395;productReferences;;false
8796116451934;;;;8796313518081->8796322398209;false
8796116484702;;;;8796313518081->8796322398209;false
8796127560286;;;;8796313518081->8796322398209;false
8796127593054;;;;8796313518081->8796322398209;false
8796127625822;;;;8796313518081->8796322398209;false
8796127658590;;;;8796313518081->8796322398209;false
8796127691358;;;;8796313518081->8796322398209;false
8796127724126;;;;8796313518081->8796322398209;false
8796127756894;;;;8796313518081->8796322398209;false
8796127789662;;;;8796313518081->8796322398209;false
8796127822430;;;;8796313518081->8796322398209;false
8796127855198;;;;8796313518081->8796322398209;false
8796127887966;;;;8796313518081->8796322398209;false
8796313518081;8796322398209;8797090873963;productReferences;;false
8796120056414;;;;8796313550849->8796322430977;false
8796120089182;;;;8796313550849->8796322430977;false
8796313550849;8796322430977;8797091693163;productReferences;;false
8796121236062;;;;8796313976833->8796322856961;false
8796121268830;;;;8796313976833->8796322856961;false
8796121301598;;;;8796313976833->8796322856961;false
8796121334366;;;;8796313976833->8796322856961;false
8796121367134;;;;8796313976833->8796322856961;false
8796121399902;;;;8796313976833->8796322856961;false
8796121432670;;;;8796313976833->8796322856961;false
8796121465438;;;;8796313976833->8796322856961;false
8796121530974;;;;8796313976833->8796322856961;false
8796121563742;;;;8796313976833->8796322856961;false
8796121596510;;;;8796313976833->8796322856961;false
8796121629278;;;;8796313976833->8796322856961;false
8796121662046;;;;8796313976833->8796322856961;false
8796313976833;8796322856961;8797121938027;productReferences;;false
8796121891422;;;;8796314206209->8796323086337;false
8796314206209;8796323086337;8797142549099;productReferences;;false
8796124119646;;;;8796314959873->8796323840001;false
8796124152414;;;;8796314959873->8796323840001;false
8796124185182;;;;8796314959873->8796323840001;false
8796314959873;8796323840001;8797222830699;productReferences;;false
8796120547934;;;;8796315025409->8796323905537;false
8796120580702;;;;8796315025409->8796323905537;false
8796120613470;;;;8796315025409->8796323905537;false
8796120646238;;;;8796315025409->8796323905537;false
8796120679006;;;;8796315025409->8796323905537;false
8796120711774;;;;8796315025409->8796323905537;false
8796120744542;;;;8796315025409->8796323905537;false
8796120777310;;;;8796315025409->8796323905537;false
8796120810078;;;;8796315025409->8796323905537;false
8796120875614;;;;8796315025409->8796323905537;false
8796120908382;;;;8796315025409->8796323905537;false
8796121039454;;;;8796315025409->8796323905537;false
8796121072222;;;;8796315025409->8796323905537;false
8796121104990;;;;8796315025409->8796323905537;false
8796121137758;;;;8796315025409->8796323905537;false
8796315025409;8796323905537;8797235872363;productReferences;;false
8796120154718;;;;8796315189249->8796324069377;false
8796120220254;;;;8796315189249->8796324069377;false
8796120253022;;;;8796315189249->8796324069377;false
8796120285790;;;;8796315189249->8796324069377;false
8796120318558;;;;8796315189249->8796324069377;false
8796120384094;;;;8796315189249->8796324069377;false
8796120416862;;;;8796315189249->8796324069377;false
8796315189249;8796324069377;8797267362411;productReferences;;false
8796121858654;;;;8796315320321->8796324298753;false
8796315320321;8796324298753;8797303439979;productReferences;;false
8796127920734;;;;8796315385857->8796324364289;false
8796127953502;;;;8796315385857->8796324364289;false
8796128019038;;;;8796315385857->8796324364289;false
8796128051806;;;;8796315385857->8796324364289;false
8796128182878;;;;8796315385857->8796324364289;false
8796128215646;;;;8796315385857->8796324364289;false
8796128248414;;;;8796315385857->8796324364289;false
8796128281182;;;;8796315385857->8796324364289;false
8796128313950;;;;8796315385857->8796324364289;false
8796128346718;;;;8796315385857->8796324364289;false
8796315385857;8796324364289;8797315924587;productReferences;;false
8796123759198;;;;8796315516929->8796324495361;false
8796123791966;;;;8796315516929->8796324495361;false
8796123824734;;;;8796315516929->8796324495361;false
8796123857502;;;;8796315516929->8796324495361;false
8796123890270;;;;8796315516929->8796324495361;false
8796123923038;;;;8796315516929->8796324495361;false
8796315516929;8796324495361;8797338370667;productReferences;;false
8796125069918;;;;8796315549697->8796324528129;false
8796125102686;;;;8796315549697->8796324528129;false
8796125135454;;;;8796315549697->8796324528129;false
8796125168222;;;;8796315549697->8796324528129;false
8796125200990;;;;8796315549697->8796324528129;false
8796315549697;8796324528129;8797344531051;productReferences;;false
8796125299294;;;;8796315582465->8796324560897;false
8796125332062;;;;8796315582465->8796324560897;false
8796125364830;;;;8796315582465->8796324560897;false
8796125397598;;;;8796315582465->8796324560897;false
8796125430366;;;;8796315582465->8796324560897;false
8796315582465;8796324560897;8797350003307;productReferences;;false
8796125528670;;;;8796315615233->8796324593665;false
8796125561438;;;;8796315615233->8796324593665;false
8796125594206;;;;8796315615233->8796324593665;false
8796125626974;;;;8796315615233->8796324593665;false
8796125659742;;;;8796315615233->8796324593665;false
8796315615233;8796324593665;8797355475563;productReferences;;false
8796123202142;;;;8796315648001->8796324626433;false
8796123234910;;;;8796315648001->8796324626433;false
8796123267678;;;;8796315648001->8796324626433;false
8796123300446;;;;8796315648001->8796324626433;false
8796123365982;;;;8796315648001->8796324626433;false
8796123398750;;;;8796315648001->8796324626433;false
8796123431518;;;;8796315648001->8796324626433;false
8796123464286;;;;8796315648001->8796324626433;false
8796315648001;8796324626433;8797361013355;productReferences;;false
8796122645086;;;;8796315680769->8796324659201;false
8796122677854;;;;8796315680769->8796324659201;false
8796122710622;;;;8796315680769->8796324659201;false
8796122743390;;;;8796315680769->8796324659201;false
8796122808926;;;;8796315680769->8796324659201;false
8796122841694;;;;8796315680769->8796324659201;false
8796122874462;;;;8796315680769->8796324659201;false
8796122907230;;;;8796315680769->8796324659201;false
8796315680769;8796324659201;8797366649451;productReferences;;false
8796118450782;;;;8796315713537->8796324691969;false
8796118483550;;;;8796315713537->8796324691969;false
8796118516318;;;;8796315713537->8796324691969;false
8796118549086;;;;8796315713537->8796324691969;false
8796118581854;;;;8796315713537->8796324691969;false
8796118647390;;;;8796315713537->8796324691969;false
8796118811230;;;;8796315713537->8796324691969;false
8796118843998;;;;8796315713537->8796324691969;false
8796315713537;8796324691969;8797373137515;productReferences;;false
8796124906078;;;;8796315746305->8796324724737;false
8796124938846;;;;8796315746305->8796324724737;false
8796315746305;8796324724737;8797381034603;productReferences;;false
8796116517470;;;;8796315811841->8796324790273;false
8796116550238;;;;8796315811841->8796324790273;false
8796116583006;;;;8796315811841->8796324790273;false
8796126610014;;;;8796315811841->8796324790273;false
8796126675550;;;;8796315811841->8796324790273;false
8796126708318;;;;8796315811841->8796324790273;false
8796126741086;;;;8796315811841->8796324790273;false
8796126773854;;;;8796315811841->8796324790273;false
8796126806622;;;;8796315811841->8796324790273;false
8796126872158;;;;8796315811841->8796324790273;false
8796126904926;;;;8796315811841->8796324790273;false
8796126937694;;;;8796315811841->8796324790273;false
8796126970462;;;;8796315811841->8796324790273;false
8796127003230;;;;8796315811841->8796324790273;false
8796127035998;;;;8796315811841->8796324790273;false
8796127068766;;;;8796315811841->8796324790273;false
8796127101534;;;;8796315811841->8796324790273;false
8796127167070;;;;8796315811841->8796324790273;false
8796127265374;;;;8796315811841->8796324790273;false
8796127298142;;;;8796315811841->8796324790273;false
8796127330910;;;;8796315811841->8796324790273;false
8796127363678;;;;8796315811841->8796324790273;false
8796127429214;;;;8796315811841->8796324790273;false
8796127461982;;;;8796315811841->8796324790273;false
8796127494750;;;;8796315811841->8796324790273;false
8796315811841;8796324790273;8797387555435;productReferences;;false
8796116648542;;;;8796315844609->8796324823041;false
8796126184030;;;;8796315844609->8796324823041;false
8796126216798;;;;8796315844609->8796324823041;false
8796126249566;;;;8796315844609->8796324823041;false
8796126282334;;;;8796315844609->8796324823041;false
8796126315102;;;;8796315844609->8796324823041;false
8796126478942;;;;8796315844609->8796324823041;false
8796126577246;;;;8796315844609->8796324823041;false
8796315844609;8796324823041;8797395550827;productReferences;;false
8796116746846;;;;8796315877377->8796324855809;false
8796122153566;;;;8796315877377->8796324855809;false
8796122186334;;;;8796315877377->8796324855809;false
8796122219102;;;;8796315877377->8796324855809;false
8796122251870;;;;8796315877377->8796324855809;false
8796122284638;;;;8796315877377->8796324855809;false
8796122448478;;;;8796315877377->8796324855809;false
8796122546782;;;;8796315877377->8796324855809;false
8796315877377;8796324855809;8797403054699;productReferences;;false
8796119269982;;;;8796316467201->8796325445633;false
8796119335518;;;;8796316467201->8796325445633;false
8796119401054;;;;8796316467201->8796325445633;false
8796119433822;;;;8796316467201->8796325445633;false
8796119466590;;;;8796316467201->8796325445633;false
8796316467201;8796325445633;8797444309611;productReferences;;false
8796117795422;;;;8796316499969->8796325478401;false
8796117828190;;;;8796316499969->8796325478401;false
8796117893726;;;;8796316499969->8796325478401;false
8796117926494;;;;8796316499969->8796325478401;false
8796117959262;;;;8796316499969->8796325478401;false
8796117992030;;;;8796316499969->8796325478401;false
8796118057566;;;;8796316499969->8796325478401;false
8796118123102;;;;8796316499969->8796325478401;false
8796316499969;8796325478401;8797451158123;productReferences;;false
8796117533278;;;;8796316532737->8796325511169;false
8796117598814;;;;8796316532737->8796325511169;false
8796117664350;;;;8796316532737->8796325511169;false
8796117697118;;;;8796316532737->8796325511169;false
8796117729886;;;;8796316532737->8796325511169;false
8796316532737;8796325511169;8797458301547;productReferences;;false
8796124250718;;;;8796316827649->8796325806081;false
8796124283486;;;;8796316827649->8796325806081;false
8796124316254;;;;8796316827649->8796325806081;false
8796124414558;;;;8796316827649->8796325806081;false
8796124447326;;;;8796316827649->8796325806081;false
8796124643934;;;;8796316827649->8796325806081;false
8796124676702;;;;8796316827649->8796325806081;false
8796124709470;;;;8796316827649->8796325806081;false
8796124775006;;;;8796316827649->8796325806081;false
8796316827649;8796325806081;8797489234539;productReferences;;false
8797242032158;8797472227358;8797526262379;mediaContainer;8796317024257->8796326002689;false
8797261430814;8797472260126;8797526295147;mediaContainer;8796317024257->8796326002689;false
8797340401694;8797472292894;8797526327915;mediaContainer;8796317024257->8796326002689;false
8797366747166;8797472325662;8797526360683;mediaContainer;8796317024257->8796326002689;false
8797314056222;8797472358430;8797526393451;mediaContainer;8796317024257->8796326002689;false
8796129067614;;;;8796317155329->8796326133761;false
8796129100382;;;;8796317155329->8796326133761;false
8796129133150;;;;8796317155329->8796326133761;false
8796129165918;;;;8796317155329->8796326133761;false
8796129198686;;;;8796317155329->8796326133761;false
8796129362526;;;;8796317155329->8796326133761;false
8796129460830;;;;8796317155329->8796326133761;false
8796317155329;8796326133761;8797553132139;productReferences;;false
